participant,baseline,adapting,task,trial,temperature,rating,confirmed
1,31.2,29.2,0,1,25.2,43.2291666666667,1
1,31.2,29.2,0,2,28.935517222624,0.520833333333333,1
1,31.2,29.2,0,3,25.2,18.2291666666667,1
1,31.2,29.2,0,4,25.2,38.0208333333333,1
1,31.2,29.2,0,5,25.2,18.2291666666667,1
1,31.2,29.2,0,6,28.935517222624,5.72916666666667,1
1,31.2,29.2,0,7,28.935517222624,4.6875,1
1,31.2,29.2,0,8,28.935517222624,3.64583333333333,1
1,31.2,29.2,0,9,28.935517222624,5.72916666666667,1
1,31.2,29.2,0,10,25.2,29.6875,1
1,31.2,30.2,0,1,27.7603700242709,43.2291666666667,1
1,31.2,30.2,0,2,27.7603700242709,29.6875,1
1,31.2,30.2,0,3,26.2,40.1041666666667,1
1,31.2,30.2,0,4,26.2,29.6875,1
1,31.2,30.2,0,5,26.2,23.4375,1
1,31.2,30.2,0,6,27.7603700242709,9.89583333333333,1
1,31.2,30.2,0,7,26.2,23.4375,1
1,31.2,30.2,0,8,27.7603700242709,14.0625,1
1,31.2,30.2,0,9,26.2,17.1875,1
1,31.2,30.2,0,10,27.7603700242709,30.7291666666667,1
1,31.2,31.2,0,1,27.2,42.1875,1
1,31.2,31.2,0,2,27.2,51.5625,1
1,31.2,31.2,0,3,30.198815069864,0,1
1,31.2,31.2,0,4,30.198815069864,0,1
1,31.2,31.2,0,5,27.2,20.3125,1
1,31.2,31.2,0,6,30.198815069864,11.9791666666667,1
1,31.2,31.2,0,7,30.198815069864,0,1
1,31.2,31.2,0,8,30.198815069864,8.85416666666667,1
1,31.2,31.2,0,9,27.2,30.7291666666667,1
1,31.2,31.2,0,10,27.2,47.3958333333333,1
1,31.2,32.2,0,1,28.2,7.8125,1
1,31.2,32.2,0,2,28.2,9.89583333333333,1
1,31.2,32.2,0,3,24.7816738254381,20.3125,1
1,31.2,32.2,0,4,24.7816738254381,18.2291666666667,1
1,31.2,32.2,0,5,28.2,5.72916666666667,1
1,31.2,32.2,0,6,24.7816738254381,41.1458333333333,1
1,31.2,32.2,0,7,24.7816738254381,19.2708333333333,1
1,31.2,32.2,0,8,28.2,11.9791666666667,1
1,31.2,32.2,0,9,28.2,6.77083333333333,1
1,31.2,32.2,0,10,24.7816738254381,22.3958333333333,1
1,31.2,33.2,0,1,29.2,42.1875,1
1,31.2,33.2,0,2,32.4720204348703,17.1875,1
1,31.2,33.2,0,3,29.2,28.6458333333333,1
1,31.2,33.2,0,4,29.2,39.0625,1
1,31.2,33.2,0,5,32.4720204348703,6.77083333333333,1
1,31.2,33.2,0,6,32.4720204348703,6.77083333333333,1
1,31.2,33.2,0,7,29.2,15.1041666666667,1
1,31.2,33.2,0,8,32.4720204348703,13.0208333333333,1
1,31.2,33.2,0,9,32.4720204348703,13.0208333333333,1
1,31.2,33.2,0,10,29.2,35.9375,1
1,31.2,29.2,1,1,32.2330411920438,2.60416666666667,1
1,31.2,29.2,1,2,32.2330411920438,3.64583333333333,1
1,31.2,29.2,1,3,37.2,40.1041666666667,1
1,31.2,29.2,1,4,37.2,39.0625,1
1,31.2,29.2,1,5,37.2,21.3541666666667,1
1,31.2,29.2,1,6,32.2330411920438,3.64583333333333,1
1,31.2,29.2,1,7,32.2330411920438,0,1
1,31.2,29.2,1,8,37.2,30.7291666666667,1
1,31.2,29.2,1,9,32.2330411920438,0,1
1,31.2,29.2,1,10,37.2,36.9791666666667,1
1,31.2,30.2,1,1,33.3435173143747,9.89583333333333,1
1,31.2,30.2,1,2,33.3435173143747,21.3541666666667,1
1,31.2,30.2,1,3,33.3435173143747,4.6875,1
1,31.2,30.2,1,4,38.2,32.8125,1
1,31.2,30.2,1,5,33.3435173143747,8.85416666666667,1
1,31.2,30.2,1,6,38.2,38.0208333333333,1
1,31.2,30.2,1,7,38.2,24.4791666666667,1
1,31.2,30.2,1,8,38.2,31.7708333333333,1
1,31.2,30.2,1,9,33.3435173143747,3.64583333333333,1
1,31.2,30.2,1,10,38.2,42.1875,1
1,31.2,31.2,1,1,34.8415613842286,45.3125,1
1,31.2,31.2,1,2,34.8415613842286,6.77083333333333,1
1,31.2,31.2,1,3,34.8415613842286,25.5208333333333,1
1,31.2,31.2,1,4,39.2,43.2291666666667,1
1,31.2,31.2,1,5,34.8415613842286,31.7708333333333,1
1,31.2,31.2,1,6,39.2,44.2708333333333,1
1,31.2,31.2,1,7,39.2,42.1875,1
1,31.2,31.2,1,8,39.2,8.85416666666667,1
1,31.2,31.2,1,9,39.2,36.9791666666667,1
1,31.2,31.2,1,10,34.8415613842286,5.72916666666667,1
1,31.2,32.2,1,1,40.2,48.4375,1
1,31.2,32.2,1,2,40.2,40.1041666666667,1
1,31.2,32.2,1,3,40.2,21.3541666666667,1
1,31.2,32.2,1,4,40.2,19.2708333333333,1
1,31.2,32.2,1,5,34.6356355786087,13.0208333333333,1
1,31.2,32.2,1,6,34.6356355786087,5.72916666666667,1
1,31.2,32.2,1,7,40.2,30.7291666666667,1
1,31.2,32.2,1,8,34.6356355786087,7.8125,1
1,31.2,32.2,1,9,34.6356355786087,6.77083333333333,1
1,31.2,32.2,1,10,34.6356355786087,5.72916666666667,1
1,31.2,33.2,1,1,35.2028068821494,27.6041666666667,1
1,31.2,33.2,1,2,35.2028068821494,36.9791666666667,1
1,31.2,33.2,1,3,35.2028068821494,19.2708333333333,1
1,31.2,33.2,1,4,35.2028068821494,15.1041666666667,1
1,31.2,33.2,1,5,41.2,50.5208333333333,1
1,31.2,33.2,1,6,41.2,31.7708333333333,1
1,31.2,33.2,1,7,41.2,45.3125,1
1,31.2,33.2,1,8,35.2028068821494,7.8125,1
1,31.2,33.2,1,9,41.2,42.1875,1
1,31.2,33.2,1,10,41.2,40.1041666666667,1
3,32,30,0,1,26,10.4166666666667,1
3,32,30,0,2,29.6724179423473,0,1
3,32,30,0,3,26,7.8125,1
3,32,30,0,4,26,15.1041666666667,1
3,32,30,0,5,26,4.16666666666667,1
3,32,30,0,6,29.6724179423473,1.04166666666667,1
3,32,30,0,7,29.6724179423473,0,1
3,32,30,0,8,29.6724179423473,1.04166666666667,1
3,32,30,0,9,29.6724179423473,0,1
3,32,30,0,10,26,5.20833333333333,1
3,32,31,0,1,30.7420247615629,1.04166666666667,1
3,32,31,0,2,30.7420247615629,0,1
3,32,31,0,3,27,33.8541666666667,1
3,32,31,0,4,27,31.25,1
3,32,31,0,5,27,28.6458333333333,1
3,32,31,0,6,30.7420247615629,2.60416666666667,1
3,32,31,0,7,27,11.9791666666667,1
3,32,31,0,8,30.7420247615629,1.04166666666667,1
3,32,31,0,9,27,7.8125,1
3,32,31,0,10,30.7420247615629,2.60416666666667,1
3,32,32,0,1,28,29.1666666666667,1
3,32,32,0,2,28,28.6458333333333,1
3,32,32,0,3,31.5017600524944,1.04166666666667,1
3,32,32,0,4,31.5017600524944,0,1
3,32,32,0,5,28,13.0208333333333,1
3,32,32,0,6,31.5017600524944,2.60416666666667,1
3,32,32,0,7,31.5017600524944,1.04166666666667,1
3,32,32,0,8,31.5017600524944,1.04166666666667,1
3,32,32,0,9,28,9.89583333333333,1
3,32,32,0,10,28,11.9791666666667,1
3,32,33,0,1,29,32.8125,1
3,32,33,0,2,29,34.8958333333333,1
3,32,33,0,3,32.7358341160353,0,1
3,32,33,0,4,32.7358341160353,0,1
3,32,33,0,5,29,19.2708333333333,1
3,32,33,0,6,32.7358341160353,0,1
3,32,33,0,7,32.7358341160353,0,1
3,32,33,0,8,29,3.64583333333333,1
3,32,33,0,9,29,9.89583333333333,1
3,32,33,0,10,32.7358341160353,0,1
3,32,34,0,1,30,41.1458333333333,1
3,32,34,0,2,33.5136330979591,1.5625,1
3,32,34,0,3,30,35.4166666666667,1
3,32,34,0,4,30,38.5416666666667,1
3,32,34,0,5,33.5136330979591,0,1
3,32,34,0,6,33.5136330979591,0,1
3,32,34,0,7,30,11.9791666666667,1
3,32,34,0,8,33.5136330979591,0,1
3,32,34,0,9,33.5136330979591,0,1
3,32,34,0,10,30,6.77083333333333,1
3,32,30,1,1,33.5699393121336,8.33333333333333,1
3,32,30,1,2,33.5699393121336,0,1
3,32,30,1,3,38,11.4583333333333,1
3,32,30,1,4,38,19.2708333333333,1
3,32,30,1,5,38,9.89583333333333,1
3,32,30,1,6,33.5699393121336,0,1
3,32,30,1,7,33.5699393121336,0,1
3,32,30,1,8,38,2.60416666666667,1
3,32,30,1,9,33.5699393121336,0,1
3,32,30,1,10,38,3.64583333333333,1
3,32,31,1,1,34.0835187476406,3.64583333333333,1
3,32,31,1,2,34.0835187476406,4.6875,1
3,32,31,1,3,34.0835187476406,2.60416666666667,1
3,32,31,1,4,39,10.9375,1
3,32,31,1,5,34.0835187476406,4.6875,1
3,32,31,1,6,39,9.89583333333333,1
3,32,31,1,7,39,18.2291666666667,1
3,32,31,1,8,39,15.1041666666667,1
3,32,31,1,9,34.0835187476406,1.5625,1
3,32,31,1,10,39,6.77083333333333,1
3,32,32,1,1,32.9517602442186,0,1
3,32,32,1,2,32.9517602442186,1.04166666666667,1
3,32,32,1,3,32.9517602442186,1.04166666666667,1
3,32,32,1,4,40,22.3958333333333,1
3,32,32,1,5,32.9517602442186,0,1
3,32,32,1,6,40,3.64583333333333,1
3,32,32,1,7,40,15.1041666666667,1
3,32,32,1,8,40,14.0625,1
3,32,32,1,9,40,13.0208333333333,1
3,32,32,1,10,32.9517602442186,0,1
3,32,33,1,1,41,31.7708333333333,1
3,32,33,1,2,41,34.8958333333333,1
3,32,33,1,3,41,22.9166666666667,1
3,32,33,1,4,41,8.85416666666667,1
3,32,33,1,5,35.1386533871314,1.5625,1
3,32,33,1,6,35.1386533871314,0,1
3,32,33,1,7,41,7.8125,1
3,32,33,1,8,35.1386533871314,1.5625,1
3,32,33,1,9,35.1386533871314,0,1
3,32,33,1,10,35.1386533871314,0,1
3,32,34,1,1,35.0476218228634,0,1
3,32,34,1,2,35.0476218228634,1.5625,1
3,32,34,1,3,35.0476218228634,4.6875,1
3,32,34,1,4,35.0476218228634,5.72916666666667,1
3,32,34,1,5,42,23.4375,1
3,32,34,1,6,42,32.8125,1
3,32,34,1,7,42,27.6041666666667,1
3,32,34,1,8,35.0476218228634,2.60416666666667,1
3,32,34,1,9,42,7.29166666666667,1
3,32,34,1,10,42,10.9375,1
4,32.5,30.5,0,1,29.2832814704661,10.9375,1
4,32.5,30.5,0,2,26.5,58.8541666666667,1
4,32.5,30.5,0,3,29.2832814704661,19.2708333333333,1
4,32.5,30.5,0,4,29.2832814704661,0,1
4,32.5,30.5,0,5,29.2832814704661,13.0208333333333,1
4,32.5,30.5,0,6,26.5,27.6041666666667,1
4,32.5,30.5,0,7,26.5,75,1
4,32.5,30.5,0,8,29.2832814704661,0,1
4,32.5,30.5,0,9,26.5,31.7708333333333,1
4,32.5,30.5,0,10,26.5,34.8958333333333,1
4,32.5,31.5,0,1,28.96441577084,50.5208333333333,1
4,32.5,31.5,0,2,27.5,35.9375,1
4,32.5,31.5,0,3,28.96441577084,26.5625,1
4,32.5,31.5,0,4,27.5,50.5208333333333,1
4,32.5,31.5,0,5,28.96441577084,53.6458333333333,1
4,32.5,31.5,0,6,27.5,0,1
4,32.5,31.5,0,7,28.96441577084,44.2708333333333,1
4,32.5,31.5,0,8,27.5,19.2708333333333,1
4,32.5,31.5,0,9,28.96441577084,20.3125,1
4,32.5,31.5,0,10,27.5,31.7708333333333,1
4,32.5,32.5,0,1,28.5,42.1875,1
4,32.5,32.5,0,2,31.0497631852719,11.9791666666667,1
4,32.5,32.5,0,3,28.5,46.3541666666667,1
4,32.5,32.5,0,4,31.0497631852719,20.3125,1
4,32.5,32.5,0,5,31.0497631852719,2.60416666666667,1
4,32.5,32.5,0,6,28.5,26.5625,1
4,32.5,32.5,0,7,28.5,22.3958333333333,1
4,32.5,32.5,0,8,31.0497631852719,6.25,1
4,32.5,32.5,0,9,31.0497631852719,2.60416666666667,1
4,32.5,32.5,0,10,28.5,15.1041666666667,1
4,32.5,33.5,0,1,29.5,78.6458333333333,1
4,32.5,33.5,0,2,32.5062769861067,0.520833333333333,1
4,32.5,33.5,0,3,29.5,50.5208333333333,1
4,32.5,33.5,0,4,32.5062769861067,8.85416666666667,1
4,32.5,33.5,0,5,29.5,21.3541666666667,1
4,32.5,33.5,0,6,29.5,50.5208333333333,1
4,32.5,33.5,0,7,32.5062769861067,0,1
4,32.5,33.5,0,8,32.5062769861067,0,1
4,32.5,33.5,0,9,29.5,32.8125,1
4,32.5,33.5,0,10,32.5062769861067,2.60416666666667,1
4,32.5,34.5,0,1,33.0386265529328,18.2291666666667,1
4,32.5,34.5,0,2,30.5,47.3958333333333,1
4,32.5,34.5,0,3,33.0386265529328,14.0625,1
4,32.5,34.5,0,4,30.5,51.5625,1
4,32.5,34.5,0,5,30.5,72.3958333333333,1
4,32.5,34.5,0,6,30.5,49.4791666666667,1
4,32.5,34.5,0,7,33.0386265529328,13.0208333333333,1
4,32.5,34.5,0,8,33.0386265529328,2.60416666666667,1
4,32.5,34.5,0,9,30.5,42.1875,1
4,32.5,34.5,0,10,33.0386265529328,3.64583333333333,1
4,32.5,30.5,1,1,38.5,50.5208333333333,1
4,32.5,30.5,1,2,38.5,26.5625,1
4,32.5,30.5,1,3,34.7048872354249,0,1
4,32.5,30.5,1,4,38.5,20.3125,1
4,32.5,30.5,1,5,34.7048872354249,7.8125,1
4,32.5,30.5,1,6,34.7048872354249,0,1
4,32.5,30.5,1,7,34.7048872354249,7.8125,1
4,32.5,30.5,1,8,38.5,45.3125,1
4,32.5,30.5,1,9,38.5,29.6875,1
4,32.5,30.5,1,10,34.7048872354249,0,1
4,32.5,31.5,1,1,39.5,52.6041666666667,1
4,32.5,31.5,1,2,36.3577212794539,10.9375,1
4,32.5,31.5,1,3,39.5,48.4375,1
4,32.5,31.5,1,4,39.5,24.4791666666667,1
4,32.5,31.5,1,5,36.3577212794539,15.1041666666667,1
4,32.5,31.5,1,6,39.5,13.0208333333333,1
4,32.5,31.5,1,7,36.3577212794539,2.60416666666667,1
4,32.5,31.5,1,8,39.5,19.2708333333333,1
4,32.5,31.5,1,9,36.3577212794539,6.77083333333333,1
4,32.5,31.5,1,10,36.3577212794539,0,1
4,32.5,32.5,1,1,40.5,58.8541666666667,1
4,32.5,32.5,1,2,40.5,15.1041666666667,1
4,32.5,32.5,1,3,35.0792075641644,0,1
4,32.5,32.5,1,4,40.5,44.2708333333333,1
4,32.5,32.5,1,5,40.5,57.8125,1
4,32.5,32.5,1,6,35.0792075641644,0,1
4,32.5,32.5,1,7,35.0792075641644,0,1
4,32.5,32.5,1,8,40.5,33.8541666666667,1
4,32.5,32.5,1,9,35.0792075641644,0,1
4,32.5,32.5,1,10,35.0792075641644,0,1
4,32.5,33.5,1,1,41.5,47.3958333333333,1
4,32.5,33.5,1,2,41.5,35.9375,1
4,32.5,33.5,1,3,36.6112509472093,5.72916666666667,1
4,32.5,33.5,1,4,36.6112509472093,3.64583333333333,1
4,32.5,33.5,1,5,36.6112509472093,4.6875,1
4,32.5,33.5,1,6,41.5,47.3958333333333,1
4,32.5,33.5,1,7,41.5,50.5208333333333,1
4,32.5,33.5,1,8,41.5,29.6875,1
4,32.5,33.5,1,9,36.6112509472093,1.5625,1
4,32.5,33.5,1,10,36.6112509472093,0,1
4,32.5,34.5,1,1,42.5,58.8541666666667,1
4,32.5,34.5,1,2,42.5,61.9791666666667,1
4,32.5,34.5,1,3,36.1234260324326,2.08333333333333,1
4,32.5,34.5,1,4,36.1234260324326,0,1
4,32.5,34.5,1,5,42.5,38.0208333333333,1
4,32.5,34.5,1,6,36.1234260324326,0,1
4,32.5,34.5,1,7,36.1234260324326,3.64583333333333,1
4,32.5,34.5,1,8,42.5,54.6875,1
4,32.5,34.5,1,9,36.1234260324326,0.520833333333333,1
4,32.5,34.5,1,10,42.5,35.9375,1
8,32,30,0,1,29.4408289336999,6.77083333333333,1
8,32,30,0,2,29.4408289336999,0,1
8,32,30,0,3,26,32.8125,1
8,32,30,0,4,29.4408289336999,0,1
8,32,30,0,5,26,26.5625,1
8,32,30,0,6,26,51.5625,1
8,32,30,0,7,29.4408289336999,0,1
8,32,30,0,8,26,13.0208333333333,1
8,32,30,0,9,26,29.6875,1
8,32,30,0,10,29.4408289336999,0,1
8,32,31,0,1,30.6055672550654,0,1
8,32,31,0,2,27,48.4375,1
8,32,31,0,3,30.6055672550654,0,1
8,32,31,0,4,30.6055672550654,0,1
8,32,31,0,5,27,15.1041666666667,1
8,32,31,0,6,27,54.6875,1
8,32,31,0,7,27,13.0208333333333,1
8,32,31,0,8,30.6055672550654,0,1
8,32,31,0,9,27,6.25,1
8,32,31,0,10,30.6055672550654,0,1
8,32,32,0,1,28,55.7291666666667,1
8,32,32,0,2,31.5663718226862,0,1
8,32,32,0,3,28,43.2291666666667,1
8,32,32,0,4,28,51.5625,1
8,32,32,0,5,31.5663718226862,0,1
8,32,32,0,6,28,48.4375,1
8,32,32,0,7,31.5663718226862,0,1
8,32,32,0,8,31.5663718226862,0,1
8,32,32,0,9,28,57.2916666666667,1
8,32,32,0,10,31.5663718226862,0,1
8,32,33,0,1,29,41.1458333333333,1
8,32,33,0,2,32.2760265632286,7.8125,1
8,32,33,0,3,29,45.3125,1
8,32,33,0,4,32.2760265632286,4.6875,1
8,32,33,0,5,29,20.3125,1
8,32,33,0,6,29,59.8958333333333,1
8,32,33,0,7,32.2760265632286,0,1
8,32,33,0,8,32.2760265632286,0,1
8,32,33,0,9,32.2760265632286,0,1
8,32,33,0,10,29,28.6458333333333,1
8,32,34,0,1,33.7180364203572,0,1
8,32,34,0,2,30,24.4791666666667,1
8,32,34,0,3,30,21.3541666666667,1
8,32,34,0,4,30,27.6041666666667,1
8,32,34,0,5,33.7180364203572,0,1
8,32,34,0,6,30,22.3958333333333,1
8,32,34,0,7,33.7180364203572,0,1
8,32,34,0,8,33.7180364203572,0,1
8,32,34,0,9,33.7180364203572,0,1
8,32,34,0,10,30,15.1041666666667,1
8,32,30,1,1,33.2541471730491,29.6875,1
8,32,30,1,2,33.2541471730491,7.8125,1
8,32,30,1,3,38,49.4791666666667,1
8,32,30,1,4,38,49.4791666666667,1
8,32,30,1,5,33.2541471730491,0,1
8,32,30,1,6,38,19.2708333333333,1
8,32,30,1,7,38,7.8125,1
8,32,30,1,8,33.2541471730491,0,1
8,32,30,1,9,33.2541471730491,0,1
8,32,30,1,10,38,25.5208333333333,1
8,32,31,1,1,39,61.9791666666667,1
8,32,31,1,2,32.9068289068208,9.89583333333333,1
8,32,31,1,3,39,42.1875,1
8,32,31,1,4,32.9068289068208,0,1
8,32,31,1,5,32.9068289068208,0,1
8,32,31,1,6,39,48.4375,1
8,32,31,1,7,32.9068289068208,0,1
8,32,31,1,8,32.9068289068208,0,1
8,32,31,1,9,39,41.1458333333333,1
8,32,31,1,10,39,48.9583333333333,1
8,32,32,1,1,40,53.6458333333333,1
8,32,32,1,2,33.5781070966781,0,1
8,32,32,1,3,33.5781070966781,0,1
8,32,32,1,4,40,44.2708333333333,1
8,32,32,1,5,33.5781070966781,0,1
8,32,32,1,6,40,44.2708333333333,1
8,32,32,1,7,40,50.5208333333333,1
8,32,32,1,8,40,34.8958333333333,1
8,32,32,1,9,33.5781070966781,0,1
8,32,32,1,10,33.5781070966781,0,1
8,32,33,1,1,34.0790517242079,10.9375,1
8,32,33,1,2,34.0790517242079,0,1
8,32,33,1,3,34.0790517242079,9.89583333333333,1
8,32,33,1,4,34.0790517242079,7.8125,1
8,32,33,1,5,41,53.6458333333333,1
8,32,33,1,6,41,60.9375,1
8,32,33,1,7,34.0790517242079,0,1
8,32,33,1,8,41,32.8125,1
8,32,33,1,9,41,28.6458333333333,1
8,32,33,1,10,41,48.4375,1
8,32,34,1,1,42,0,1
8,32,34,1,2,34.7051861609122,0,1
8,32,34,1,3,42,21.3541666666667,1
8,32,34,1,4,34.7051861609122,0,1
8,32,34,1,5,42,21.3541666666667,1
8,32,34,1,6,42,42.1875,1
8,32,34,1,7,42,19.2708333333333,1
8,32,34,1,8,34.7051861609122,0,1
8,32,34,1,9,34.7051861609122,0,1
8,32,34,1,10,34.7051861609122,0,1
12,32,30,0,1,26,8.33333333333333,1
12,32,30,0,2,26,5.72916666666667,1
12,32,30,0,3,29.9844862392522,0,1
12,32,30,0,4,26,5.72916666666667,1
12,32,30,0,5,26,3.64583333333333,1
12,32,30,0,6,29.9844862392522,0,1
12,32,30,0,7,29.9844862392522,0,1
12,32,30,0,8,29.9844862392522,0,1
12,32,30,0,9,29.9844862392522,0,1
12,32,30,0,10,26,6.77083333333333,1
12,32,31,0,1,27,3.64583333333333,1
12,32,31,0,2,30.8003339692479,0,1
12,32,31,0,3,27,3.64583333333333,1
12,32,31,0,4,27,8.85416666666667,1
12,32,31,0,5,27,6.77083333333333,1
12,32,31,0,6,30.8003339692479,0,1
12,32,31,0,7,30.8003339692479,0,1
12,32,31,0,8,27,9.89583333333333,1
12,32,31,0,9,30.8003339692479,0,1
12,32,31,0,10,30.8003339692479,0,1
12,32,32,0,1,31.9844862392522,0,1
12,32,32,0,2,31.9844862392522,0,1
12,32,32,0,3,28,7.8125,1
12,32,32,0,4,31.9844862392522,0,1
12,32,32,0,5,28,6.25,1
12,32,32,0,6,28,12.5,1
12,32,32,0,7,31.9844862392522,0,1
12,32,32,0,8,28,4.6875,1
12,32,32,0,9,28,8.33333333333333,1
12,32,32,0,10,31.9844862392522,0,1
12,32,33,0,1,29,13.0208333333333,1
12,32,33,0,2,32.7278569136079,0,1
12,32,33,0,3,32.7278569136079,0,1
12,32,33,0,4,29,7.8125,1
12,32,33,0,5,32.7278569136079,0,1
12,32,33,0,6,32.7278569136079,0,1
12,32,33,0,7,29,8.85416666666667,1
12,32,33,0,8,32.7278569136079,0,1
12,32,33,0,9,29,5.72916666666667,1
12,32,33,0,10,29,11.4583333333333,1
12,32,34,0,1,33.7386178831929,0,1
12,32,34,0,2,30,18.2291666666667,1
12,32,34,0,3,30,20.8333333333333,1
12,32,34,0,4,33.7386178831929,0,1
12,32,34,0,5,30,11.9791666666667,1
12,32,34,0,6,30,17.1875,1
12,32,34,0,7,33.7386178831929,0,1
12,32,34,0,8,33.7386178831929,0,1
12,32,34,0,9,30,9.89583333333333,1
12,32,34,0,10,33.7386178831929,0,1
12,32,30,1,1,38,6.77083333333333,1
12,32,30,1,2,32.7265308784159,5.20833333333333,1
12,32,30,1,3,32.7265308784159,1.5625,1
12,32,30,1,4,38,8.85416666666667,1
12,32,30,1,5,32.7265308784159,0,1
12,32,30,1,6,38,6.77083333333333,1
12,32,30,1,7,38,5.72916666666667,1
12,32,30,1,8,32.7265308784159,0,1
12,32,30,1,9,32.7265308784159,2.60416666666667,1
12,32,30,1,10,38,6.77083333333333,1
12,32,31,1,1,39,6.77083333333333,1
12,32,31,1,2,32.5769936029355,3.125,1
12,32,31,1,3,39,4.6875,1
12,32,31,1,4,39,3.64583333333333,1
12,32,31,1,5,32.5769936029355,0,1
12,32,31,1,6,39,2.60416666666667,1
12,32,31,1,7,39,1.5625,1
12,32,31,1,8,32.5769936029355,0,1
12,32,31,1,9,32.5769936029355,0,1
12,32,31,1,10,32.5769936029355,0,1
12,32,32,1,1,33.4629785312244,0,1
12,32,32,1,2,40,7.8125,1
12,32,32,1,3,33.4629785312244,0,1
12,32,32,1,4,33.4629785312244,0,1
12,32,32,1,5,40,8.85416666666667,1
12,32,32,1,6,40,6.25,1
12,32,32,1,7,33.4629785312244,0,1
12,32,32,1,8,40,5.72916666666667,1
12,32,32,1,9,40,4.6875,1
12,32,32,1,10,33.4629785312244,0,1
12,32,33,1,1,41,10.4166666666667,1
12,32,33,1,2,41,14.0625,1
12,32,33,1,3,34.5476343329741,0,1
12,32,33,1,4,34.5476343329741,0,1
12,32,33,1,5,34.5476343329741,0,1
12,32,33,1,6,34.5476343329741,2.60416666666667,1
12,32,33,1,7,34.5476343329741,0,1
12,32,33,1,8,41,8.85416666666667,1
12,32,33,1,9,41,4.6875,1
12,32,33,1,10,41,4.16666666666667,1
12,32,34,1,1,42,11.9791666666667,1
12,32,34,1,2,35.3488460914882,9.89583333333333,1
12,32,34,1,3,42,4.6875,1
12,32,34,1,4,42,16.1458333333333,1
12,32,34,1,5,35.3488460914882,0,1
12,32,34,1,6,42,9.89583333333333,1
12,32,34,1,7,42,3.64583333333333,1
12,32,34,1,8,35.3488460914882,2.60416666666667,1
12,32,34,1,9,35.3488460914882,0,1
12,32,34,1,10,35.3488460914882,0,1
22,31.4,29.4,0,1,25.4,35.9375,1
22,31.4,29.4,0,2,25.4,29.1666666666667,1
22,31.4,29.4,0,3,29.3842426940874,0,1
22,31.4,29.4,0,4,29.3842426940874,0,1
22,31.4,29.4,0,5,29.3842426940874,0,1
22,31.4,29.4,0,6,25.4,13.0208333333333,1
22,31.4,29.4,0,7,29.3842426940874,0,1
22,31.4,29.4,0,8,25.4,8.33333333333333,1
22,31.4,29.4,0,9,25.4,11.9791666666667,1
22,31.4,29.4,0,10,29.3842426940874,0,1
22,31.4,30.4,0,1,26.4,27.6041666666667,1
22,31.4,30.4,0,2,26.4,24.4791666666667,1
22,31.4,30.4,0,3,26.4,15.1041666666667,1
22,31.4,30.4,0,4,26.4,11.9791666666667,1
22,31.4,30.4,0,5,30.2469887478354,0,1
22,31.4,30.4,0,6,30.2469887478354,0,1
22,31.4,30.4,0,7,30.2469887478354,2.08333333333333,1
22,31.4,30.4,0,8,30.2469887478354,0,1
22,31.4,30.4,0,9,30.2469887478354,0,1
22,31.4,30.4,0,10,26.4,9.89583333333333,1
22,31.4,31.4,0,1,27.4,20.3125,1
22,31.4,31.4,0,2,30.9013730674382,0,1
22,31.4,31.4,0,3,30.9013730674382,2.08333333333333,1
22,31.4,31.4,0,4,30.9013730674382,4.16666666666667,1
22,31.4,31.4,0,5,27.4,12.5,1
22,31.4,31.4,0,6,27.4,19.2708333333333,1
22,31.4,31.4,0,7,27.4,8.85416666666667,1
22,31.4,31.4,0,8,30.9013730674382,0,1
22,31.4,31.4,0,9,30.9013730674382,0,1
22,31.4,31.4,0,10,27.4,6.77083333333333,1
22,31.4,32.4,0,1,31.8088492677524,2.08333333333333,1
22,31.4,32.4,0,2,28.4,21.3541666666667,1
22,31.4,32.4,0,3,28.4,30.7291666666667,1
22,31.4,32.4,0,4,28.4,19.2708333333333,1
22,31.4,32.4,0,5,31.8088492677524,0,1
22,31.4,32.4,0,6,28.4,11.9791666666667,1
22,31.4,32.4,0,7,28.4,8.33333333333333,1
22,31.4,32.4,0,8,31.8088492677524,0,1
22,31.4,32.4,0,9,31.8088492677524,0,1
22,31.4,32.4,0,10,31.8088492677524,0,1
22,31.4,33.4,0,1,33.229848747295,1.04166666666667,1
22,31.4,33.4,0,2,29.4,21.875,1
22,31.4,33.4,0,3,29.4,24.4791666666667,1
22,31.4,33.4,0,4,33.229848747295,0,1
22,31.4,33.4,0,5,33.229848747295,1.04166666666667,1
22,31.4,33.4,0,6,29.4,7.29166666666667,1
22,31.4,33.4,0,7,29.4,10.9375,1
22,31.4,33.4,0,8,33.229848747295,0,1
22,31.4,33.4,0,9,33.229848747295,0,1
22,31.4,33.4,0,10,29.4,5.72916666666667,1
22,31.4,29.4,1,1,34.7456460532723,0,1
22,31.4,29.4,1,2,34.7456460532723,9.89583333333333,1
22,31.4,29.4,1,3,37.4,7.8125,1
22,31.4,29.4,1,4,37.4,15.1041666666667,1
22,31.4,29.4,1,5,37.4,2.08333333333333,1
22,31.4,29.4,1,6,37.4,10.9375,1
22,31.4,29.4,1,7,34.7456460532723,0,1
22,31.4,29.4,1,8,34.7456460532723,1.04166666666667,1
22,31.4,29.4,1,9,37.4,8.85416666666667,1
22,31.4,29.4,1,10,34.7456460532723,6.25,1
22,31.4,30.4,1,1,34.954714757244,2.08333333333333,1
22,31.4,30.4,1,2,34.954714757244,5.72916666666667,1
22,31.4,30.4,1,3,38.4,12.5,1
22,31.4,30.4,1,4,34.954714757244,11.9791666666667,1
22,31.4,30.4,1,5,38.4,18.75,1
22,31.4,30.4,1,6,34.954714757244,29.6875,1
22,31.4,30.4,1,7,38.4,18.2291666666667,1
22,31.4,30.4,1,8,34.954714757244,10.4166666666667,1
22,31.4,30.4,1,9,38.4,8.85416666666667,1
22,31.4,30.4,1,10,38.4,11.9791666666667,1
22,31.4,31.4,1,1,39.4,6.77083333333333,1
22,31.4,31.4,1,2,33.3909869168301,3.125,1
22,31.4,31.4,1,3,33.3909869168301,0,1
22,31.4,31.4,1,4,33.3909869168301,2.08333333333333,1
22,31.4,31.4,1,5,39.4,11.9791666666667,1
22,31.4,31.4,1,6,33.3909869168301,2.08333333333333,1
22,31.4,31.4,1,7,39.4,6.25,1
22,31.4,31.4,1,8,33.3909869168301,3.125,1
22,31.4,31.4,1,9,39.4,9.89583333333333,1
22,31.4,31.4,1,10,39.4,19.2708333333333,1
22,31.4,32.4,1,1,35.0859355747392,1.04166666666667,1
22,31.4,32.4,1,2,35.0859355747392,4.6875,1
22,31.4,32.4,1,3,40.4,17.1875,1
22,31.4,32.4,1,4,40.4,23.4375,1
22,31.4,32.4,1,5,35.0859355747392,6.77083333333333,1
22,31.4,32.4,1,6,35.0859355747392,0,1
22,31.4,32.4,1,7,40.4,10.4166666666667,1
22,31.4,32.4,1,8,40.4,15.1041666666667,1
22,31.4,32.4,1,9,35.0859355747392,0,1
22,31.4,32.4,1,10,40.4,7.8125,1
22,31.4,33.4,1,1,34.5726889123849,0,1
22,31.4,33.4,1,2,34.5726889123849,0,1
22,31.4,33.4,1,3,41.4,5.72916666666667,1
22,31.4,33.4,1,4,34.5726889123849,2.08333333333333,1
22,31.4,33.4,1,5,34.5726889123849,0,1
22,31.4,33.4,1,6,41.4,14.0625,1
22,31.4,33.4,1,7,41.4,6.77083333333333,1
22,31.4,33.4,1,8,41.4,10.9375,1
22,31.4,33.4,1,9,41.4,10.9375,1
22,31.4,33.4,1,10,34.5726889123849,4.16666666666667,1
25,30.9,28.9,0,1,27.9569758941838,0,1
25,30.9,28.9,0,2,24.9,17.1875,1
25,30.9,28.9,0,3,27.9569758941838,2.08333333333333,1
25,30.9,28.9,0,4,27.9569758941838,0,1
25,30.9,28.9,0,5,27.9569758941838,5.72916666666667,1
25,30.9,28.9,0,6,24.9,11.9791666666667,1
25,30.9,28.9,0,7,24.9,19.2708333333333,1
25,30.9,28.9,0,8,27.9569758941838,4.6875,1
25,30.9,28.9,0,9,24.9,10.9375,1
25,30.9,28.9,0,10,24.9,7.8125,1
25,30.9,29.9,0,1,29.8662835316582,0,1
25,30.9,29.9,0,2,25.9,15.1041666666667,1
25,30.9,29.9,0,3,29.8662835316582,0,1
25,30.9,29.9,0,4,25.9,5.72916666666667,1
25,30.9,29.9,0,5,29.8662835316582,0,1
25,30.9,29.9,0,6,25.9,4.6875,1
25,30.9,29.9,0,7,29.8662835316582,0,1
25,30.9,29.9,0,8,25.9,0,1
25,30.9,29.9,0,9,29.8662835316582,0,1
25,30.9,29.9,0,10,25.9,5.72916666666667,1
25,30.9,30.9,0,1,26.9,11.9791666666667,1
25,30.9,30.9,0,2,30.8705959434738,0,1
25,30.9,30.9,0,3,26.9,7.8125,1
25,30.9,30.9,0,4,30.8705959434738,0,1
25,30.9,30.9,0,5,30.8705959434738,0,1
25,30.9,30.9,0,6,26.9,14.0625,1
25,30.9,30.9,0,7,26.9,9.89583333333333,1
25,30.9,30.9,0,8,30.8705959434738,0,1
25,30.9,30.9,0,9,30.8705959434738,0,1
25,30.9,30.9,0,10,26.9,10.9375,1
25,30.9,31.9,0,1,27.9,15.625,1
25,30.9,31.9,0,2,31.8844862392522,0,1
25,30.9,31.9,0,3,27.9,7.8125,1
25,30.9,31.9,0,4,31.8844862392522,0,1
25,30.9,31.9,0,5,27.9,9.89583333333333,1
25,30.9,31.9,0,6,27.9,26.5625,1
25,30.9,31.9,0,7,31.8844862392522,0,1
25,30.9,31.9,0,8,31.8844862392522,0,1
25,30.9,31.9,0,9,27.9,10.9375,1
25,30.9,31.9,0,10,31.8844862392522,0,1
25,30.9,32.9,0,1,32.8662836416765,0,1
25,30.9,32.9,0,2,28.9,27.0833333333333,1
25,30.9,32.9,0,3,32.8662836416765,0,1
25,30.9,32.9,0,4,28.9,6.25,1
25,30.9,32.9,0,5,28.9,21.3541666666667,1
25,30.9,32.9,0,6,28.9,9.89583333333333,1
25,30.9,32.9,0,7,32.8662836416765,0,1
25,30.9,32.9,0,8,32.8662836416765,0,1
25,30.9,32.9,0,9,28.9,7.8125,1
25,30.9,32.9,0,10,32.8662836416765,0,1
25,30.9,28.9,1,1,36.9,18.2291666666667,1
25,30.9,28.9,1,2,36.9,10.9375,1
25,30.9,28.9,1,3,30.8346877475348,4.16666666666667,1
25,30.9,28.9,1,4,36.9,6.77083333333333,1
25,30.9,28.9,1,5,30.8346877475348,3.64583333333333,1
25,30.9,28.9,1,6,30.8346877475348,1.5625,1
25,30.9,28.9,1,7,30.8346877475348,0,1
25,30.9,28.9,1,8,36.9,9.89583333333333,1
25,30.9,28.9,1,9,36.9,8.85416666666667,1
25,30.9,28.9,1,10,30.8346877475348,0,1
25,30.9,29.9,1,1,37.9,11.9791666666667,1
25,30.9,29.9,1,2,31.1974805517022,4.6875,1
25,30.9,29.9,1,3,37.9,11.9791666666667,1
25,30.9,29.9,1,4,37.9,27.6041666666667,1
25,30.9,29.9,1,5,31.1974805517022,0,1
25,30.9,29.9,1,6,37.9,5.72916666666667,1
25,30.9,29.9,1,7,31.1974805517022,0,1
25,30.9,29.9,1,8,37.9,5.72916666666667,1
25,30.9,29.9,1,9,31.1974805517022,0,1
25,30.9,29.9,1,10,31.1974805517022,5.72916666666667,1
25,30.9,30.9,1,1,38.9,18.2291666666667,1
25,30.9,30.9,1,2,38.9,13.0208333333333,1
25,30.9,30.9,1,3,32.2969151618355,0,1
25,30.9,30.9,1,4,38.9,16.1458333333333,1
25,30.9,30.9,1,5,38.9,6.77083333333333,1
25,30.9,30.9,1,6,32.2969151618355,5.72916666666667,1
25,30.9,30.9,1,7,32.2969151618355,0,1
25,30.9,30.9,1,8,38.9,6.77083333333333,1
25,30.9,30.9,1,9,32.2969151618355,0,1
25,30.9,30.9,1,10,32.2969151618355,4.6875,1
25,30.9,31.9,1,1,39.9,9.89583333333333,1
25,30.9,31.9,1,2,39.9,17.1875,1
25,30.9,31.9,1,3,32.7143497941576,0,1
25,30.9,31.9,1,4,32.7143497941576,0,1
25,30.9,31.9,1,5,32.7143497941576,0,1
25,30.9,31.9,1,6,39.9,11.9791666666667,1
25,30.9,31.9,1,7,39.9,10.9375,1
25,30.9,31.9,1,8,39.9,8.85416666666667,1
25,30.9,31.9,1,9,32.7143497941576,0,1
25,30.9,31.9,1,10,32.7143497941576,0,1
25,30.9,32.9,1,1,40.9,11.9791666666667,1
25,30.9,32.9,1,2,40.9,46.3541666666667,1
25,30.9,32.9,1,3,33.4149505081058,0,1
25,30.9,32.9,1,4,33.4149505081058,5.72916666666667,1
25,30.9,32.9,1,5,40.9,10.9375,1
25,30.9,32.9,1,6,33.4149505081058,0,1
25,30.9,32.9,1,7,33.4149505081058,0,1
25,30.9,32.9,1,8,40.9,7.8125,1
25,30.9,32.9,1,9,33.4149505081058,0,1
25,30.9,32.9,1,10,40.9,5.72916666666667,1
26,31.6,29.6,0,1,25.6,56.7708333333333,1
26,31.6,29.6,0,2,29.5844862392522,0,1
26,31.6,29.6,0,3,25.6,53.6458333333333,1
26,31.6,29.6,0,4,25.6,61.9791666666667,1
26,31.6,29.6,0,5,25.6,59.8958333333333,1
26,31.6,29.6,0,6,29.5844862392522,6.77083333333333,1
26,31.6,29.6,0,7,29.5844862392522,0,1
26,31.6,29.6,0,8,29.5844862392522,0,1
26,31.6,29.6,0,9,29.5844862392522,0,1
26,31.6,29.6,0,10,25.6,61.9791666666667,1
26,31.6,30.6,0,1,30.2794801719101,35.9375,1
26,31.6,30.6,0,2,30.2794801719101,36.9791666666667,1
26,31.6,30.6,0,3,26.6,61.9791666666667,1
26,31.6,30.6,0,4,26.6,70.3125,1
26,31.6,30.6,0,5,26.6,52.6041666666667,1
26,31.6,30.6,0,6,30.2794801719101,9.89583333333333,1
26,31.6,30.6,0,7,26.6,56.7708333333333,1
26,31.6,30.6,0,8,30.2794801719101,25,1
26,31.6,30.6,0,9,26.6,61.9791666666667,1
26,31.6,30.6,0,10,30.2794801719101,26.5625,1
26,31.6,31.6,0,1,27.6,63.0208333333333,1
26,31.6,31.6,0,2,27.6,64.0625,1
26,31.6,31.6,0,3,31.3281882903054,0,1
26,31.6,31.6,0,4,31.3281882903054,6.77083333333333,1
26,31.6,31.6,0,5,27.6,65.1041666666667,1
26,31.6,31.6,0,6,31.3281882903054,3.64583333333333,1
26,31.6,31.6,0,7,31.3281882903054,9.89583333333333,1
26,31.6,31.6,0,8,31.3281882903054,23.4375,1
26,31.6,31.6,0,9,27.6,49.4791666666667,1
26,31.6,31.6,0,10,27.6,61.9791666666667,1
26,31.6,32.6,0,1,28.6,64.5833333333333,1
26,31.6,32.6,0,2,28.6,65.1041666666667,1
26,31.6,32.6,0,3,32.5844862392522,0,1
26,31.6,32.6,0,4,32.5844862392522,27.6041666666667,1
26,31.6,32.6,0,5,28.6,60.9375,1
26,31.6,32.6,0,6,32.5844862392522,0,1
26,31.6,32.6,0,7,32.5844862392522,13.0208333333333,1
26,31.6,32.6,0,8,28.6,64.0625,1
26,31.6,32.6,0,9,28.6,66.1458333333333,1
26,31.6,32.6,0,10,32.5844862392522,3.64583333333333,1
26,31.6,33.6,0,1,29.6,66.1458333333333,1
26,31.6,33.6,0,2,33.3363408239009,45.3125,1
26,31.6,33.6,0,3,29.6,66.1458333333333,1
26,31.6,33.6,0,4,29.6,70.3125,1
26,31.6,33.6,0,5,33.3363408239009,5.72916666666667,1
26,31.6,33.6,0,6,33.3363408239009,14.5833333333333,1
26,31.6,33.6,0,7,29.6,59.8958333333333,1
26,31.6,33.6,0,8,33.3363408239009,3.64583333333333,1
26,31.6,33.6,0,9,33.3363408239009,5.72916666666667,1
26,31.6,33.6,0,10,29.6,58.8541666666667,1
26,31.6,29.6,1,1,33.559022816408,20.3125,1
26,31.6,29.6,1,2,33.559022816408,42.1875,1
26,31.6,29.6,1,3,37.6,59.8958333333333,1
26,31.6,29.6,1,4,37.6,59.8958333333333,1
26,31.6,29.6,1,5,37.6,7.8125,1
26,31.6,29.6,1,6,33.559022816408,11.9791666666667,1
26,31.6,29.6,1,7,33.559022816408,2.60416666666667,1
26,31.6,29.6,1,8,37.6,52.6041666666667,1
26,31.6,29.6,1,9,33.559022816408,0,1
26,31.6,29.6,1,10,37.6,50.5208333333333,1
26,31.6,30.6,1,1,33.8611512885021,0,1
26,31.6,30.6,1,2,33.8611512885021,26.5625,1
26,31.6,30.6,1,3,33.8611512885021,8.85416666666667,1
26,31.6,30.6,1,4,38.6,64.0625,1
26,31.6,30.6,1,5,33.8611512885021,6.77083333333333,1
26,31.6,30.6,1,6,38.6,59.8958333333333,1
26,31.6,30.6,1,7,38.6,58.8541666666667,1
26,31.6,30.6,1,8,38.6,64.0625,1
26,31.6,30.6,1,9,33.8611512885021,0,1
26,31.6,30.6,1,10,38.6,61.9791666666667,1
26,31.6,31.6,1,1,34.2804709929318,0,1
26,31.6,31.6,1,2,34.2804709929318,32.8125,1
26,31.6,31.6,1,3,34.2804709929318,31.7708333333333,1
26,31.6,31.6,1,4,39.6,55.7291666666667,1
26,31.6,31.6,1,5,34.2804709929318,6.77083333333333,1
26,31.6,31.6,1,6,39.6,57.8125,1
26,31.6,31.6,1,7,39.6,64.0625,1
26,31.6,31.6,1,8,39.6,54.6875,1
26,31.6,31.6,1,9,39.6,52.6041666666667,1
26,31.6,31.6,1,10,34.2804709929318,4.6875,1
26,31.6,32.6,1,1,40.6,51.5625,1
26,31.6,32.6,1,2,40.6,53.6458333333333,1
26,31.6,32.6,1,3,40.6,49.4791666666667,1
26,31.6,32.6,1,4,40.6,54.6875,1
26,31.6,32.6,1,5,35.8414824200904,6.77083333333333,1
26,31.6,32.6,1,6,35.8414824200904,9.89583333333333,1
26,31.6,32.6,1,7,40.6,49.4791666666667,1
26,31.6,32.6,1,8,35.8414824200904,4.6875,1
26,31.6,32.6,1,9,35.8414824200904,5.72916666666667,1
26,31.6,32.6,1,10,35.8414824200904,3.64583333333333,1
26,31.6,33.6,1,1,35.2955215361046,13.0208333333333,1
26,31.6,33.6,1,2,35.2955215361046,40.1041666666667,1
26,31.6,33.6,1,3,35.2955215361046,16.1458333333333,1
26,31.6,33.6,1,4,35.2955215361046,40.1041666666667,1
26,31.6,33.6,1,5,41.6,67.1875,1
26,31.6,33.6,1,6,41.6,71.3541666666667,1
26,31.6,33.6,1,7,41.6,63.0208333333333,1
26,31.6,33.6,1,8,35.2955215361046,7.29166666666667,1
26,31.6,33.6,1,9,41.6,52.6041666666667,1
26,31.6,33.6,1,10,41.6,68.2291666666667,1
28,32.3,30.3,0,1,30.2702522856723,0,1
28,32.3,30.3,0,2,30.2702522856723,0,1
28,32.3,30.3,0,3,26.3,60.9375,1
28,32.3,30.3,0,4,26.3,72.3958333333333,1
28,32.3,30.3,0,5,26.3,57.8125,1
28,32.3,30.3,0,6,30.2702522856723,0,1
28,32.3,30.3,0,7,30.2702522856723,0,1
28,32.3,30.3,0,8,30.2702522856723,0,1
28,32.3,30.3,0,9,26.3,51.5625,1
28,32.3,30.3,0,10,26.3,54.6875,1
28,32.3,31.3,0,1,31.0346343583574,4.16666666666667,1
28,32.3,31.3,0,2,27.3,64.0625,1
28,32.3,31.3,0,3,27.3,71.3541666666667,1
28,32.3,31.3,0,4,27.3,59.8958333333333,1
28,32.3,31.3,0,5,27.3,45.3125,1
28,32.3,31.3,0,6,31.0346343583574,0,1
28,32.3,31.3,0,7,31.0346343583574,0,1
28,32.3,31.3,0,8,27.3,63.0208333333333,1
28,32.3,31.3,0,9,31.0346343583574,0,1
28,32.3,31.3,0,10,31.0346343583574,0,1
28,32.3,32.3,0,1,28.3,52.6041666666667,1
28,32.3,32.3,0,2,32.1540679701327,0,1
28,32.3,32.3,0,3,28.3,48.4375,1
28,32.3,32.3,0,4,28.3,52.6041666666667,1
28,32.3,32.3,0,5,28.3,40.1041666666667,1
28,32.3,32.3,0,6,32.1540679701327,0,1
28,32.3,32.3,0,7,32.1540679701327,0,1
28,32.3,32.3,0,8,28.3,50.5208333333333,1
28,32.3,32.3,0,9,32.1540679701327,0,1
28,32.3,32.3,0,10,32.1540679701327,0,1
28,32.3,33.3,0,1,33.0608018874236,0,1
28,32.3,33.3,0,2,29.3,35.9375,1
28,32.3,33.3,0,3,29.3,52.6041666666667,1
28,32.3,33.3,0,4,29.3,42.1875,1
28,32.3,33.3,0,5,33.0608018874236,0,1
28,32.3,33.3,0,6,33.0608018874236,0,1
28,32.3,33.3,0,7,33.0608018874236,0,1
28,32.3,33.3,0,8,29.3,28.6458333333333,1
28,32.3,33.3,0,9,33.0608018874236,0,1
28,32.3,33.3,0,10,29.3,25.5208333333333,1
28,32.3,34.3,0,1,30.3,43.2291666666667,1
28,32.3,34.3,0,2,33.830141910681,3.64583333333333,1
28,32.3,34.3,0,3,33.830141910681,0,1
28,32.3,34.3,0,4,33.830141910681,4.6875,1
28,32.3,34.3,0,5,30.3,50,1
28,32.3,34.3,0,6,33.830141910681,0,1
28,32.3,34.3,0,7,30.3,36.9791666666667,1
28,32.3,34.3,0,8,30.3,68.2291666666667,1
28,32.3,34.3,0,9,33.830141910681,0,1
28,32.3,34.3,0,10,30.3,11.9791666666667,1
28,32.3,30.3,1,1,33.6986450972655,0,1
28,32.3,30.3,1,2,38.3,53.6458333333333,1
28,32.3,30.3,1,3,38.3,38.0208333333333,1
28,32.3,30.3,1,4,33.6986450972655,6.77083333333333,1
28,32.3,30.3,1,5,33.6986450972655,0,1
28,32.3,30.3,1,6,38.3,33.8541666666667,1
28,32.3,30.3,1,7,38.3,25.5208333333333,1
28,32.3,30.3,1,8,33.6986450972655,4.16666666666667,1
28,32.3,30.3,1,9,33.6986450972655,4.6875,1
28,32.3,30.3,1,10,38.3,31.7708333333333,1
28,32.3,31.3,1,1,39.3,41.6666666666667,1
28,32.3,31.3,1,2,39.3,50.5208333333333,1
28,32.3,31.3,1,3,39.3,39.0625,1
28,32.3,31.3,1,4,32.9274715177917,17.1875,1
28,32.3,31.3,1,5,39.3,35.9375,1
28,32.3,31.3,1,6,39.3,59.8958333333333,1
28,32.3,31.3,1,7,32.9274715177917,8.85416666666667,1
28,32.3,31.3,1,8,32.9274715177917,0,1
28,32.3,31.3,1,9,32.9274715177917,0,1
28,32.3,31.3,1,10,32.9274715177917,0,1
28,32.3,32.3,1,1,40.3,0,1
28,32.3,32.3,1,2,44.9449909648464,33.3333333333333,1
28,32.3,32.3,1,3,44.9449909648464,45.3125,1
28,32.3,32.3,1,4,40.3,40.1041666666667,1
28,32.3,32.3,1,5,40.3,0,1
28,32.3,32.3,1,6,40.3,16.1458333333333,1
28,32.3,32.3,1,7,44.9449909648464,3.125,1
28,32.3,32.3,1,8,44.9449909648464,27.6041666666667,1
28,32.3,32.3,1,9,44.9449909648464,16.1458333333333,1
28,32.3,32.3,1,10,40.3,31.7708333333333,1
28,32.3,33.3,1,1,45.4363039246396,44.2708333333333,1
28,32.3,33.3,1,2,45.4363039246396,63.0208333333333,1
28,32.3,33.3,1,3,41.3,37.5,1
28,32.3,33.3,1,4,45.4363039246396,25,1
28,32.3,33.3,1,5,41.3,26.5625,1
28,32.3,33.3,1,6,45.4363039246396,11.9791666666667,1
28,32.3,33.3,1,7,45.4363039246396,31.7708333333333,1
28,32.3,33.3,1,8,41.3,52.6041666666667,1
28,32.3,33.3,1,9,41.3,0,1
28,32.3,33.3,1,10,41.3,13.0208333333333,1
28,32.3,34.3,1,1,41.2898276926082,0,1
28,32.3,34.3,1,2,42.3,8.33333333333333,1
28,32.3,34.3,1,3,41.2898276926082,0,1
28,32.3,34.3,1,4,42.3,2.08333333333333,1
28,32.3,34.3,1,5,42.3,0,1
28,32.3,34.3,1,6,42.3,6.77083333333333,1
28,32.3,34.3,1,7,41.2898276926082,7.29166666666667,1
28,32.3,34.3,1,8,41.2898276926082,0,1
28,32.3,34.3,1,9,41.2898276926082,4.6875,1
28,32.3,34.3,1,10,42.3,0,1
29,32.5,30.5,0,1,26.5,28.125,1
29,32.5,30.5,0,2,26.5,36.9791666666667,1
29,32.5,30.5,0,3,26.5,17.7083333333333,1
29,32.5,30.5,0,4,29.4919205597413,3.64583333333333,1
29,32.5,30.5,0,5,29.4919205597413,1.04166666666667,1
29,32.5,30.5,0,6,26.5,14.0625,1
29,32.5,30.5,0,7,29.4919205597413,3.125,1
29,32.5,30.5,0,8,29.4919205597413,1.5625,1
29,32.5,30.5,0,9,26.5,18.2291666666667,1
29,32.5,30.5,0,10,29.4919205597413,2.08333333333333,1
29,32.5,31.5,0,1,27.5,41.1458333333333,1
29,32.5,31.5,0,2,27.5,45.8333333333333,1
29,32.5,31.5,0,3,31.2358341160353,1.5625,1
29,32.5,31.5,0,4,27.5,19.7916666666667,1
29,32.5,31.5,0,5,31.2358341160353,2.60416666666667,1
29,32.5,31.5,0,6,31.2358341160353,0.520833333333333,1
29,32.5,31.5,0,7,27.5,20.3125,1
29,32.5,31.5,0,8,27.5,27.0833333333333,1
29,32.5,31.5,0,9,31.2358341160353,1.04166666666667,1
29,32.5,31.5,0,10,31.2358341160353,0,1
29,32.5,32.5,0,1,28.5,30.7291666666667,1
29,32.5,32.5,0,2,28.5,40.1041666666667,1
29,32.5,32.5,0,3,32.2099222789415,2.60416666666667,1
29,32.5,32.5,0,4,28.5,8.33333333333333,1
29,32.5,32.5,0,5,32.2099222789415,1.5625,1
29,32.5,32.5,0,6,32.2099222789415,2.60416666666667,1
29,32.5,32.5,0,7,28.5,29.6875,1
29,32.5,32.5,0,8,28.5,44.2708333333333,1
29,32.5,32.5,0,9,32.2099222789415,2.08333333333333,1
29,32.5,32.5,0,10,32.2099222789415,4.6875,1
29,32.5,33.5,0,1,29.5,33.3333333333333,1
29,32.5,33.5,0,2,29.5,40.625,1
29,32.5,33.5,0,3,32.879463041493,4.16666666666667,1
29,32.5,33.5,0,4,32.879463041493,1.5625,1
29,32.5,33.5,0,5,32.879463041493,5.72916666666667,1
29,32.5,33.5,0,6,32.879463041493,3.64583333333333,1
29,32.5,33.5,0,7,32.879463041493,7.29166666666667,1
29,32.5,33.5,0,8,29.5,15.1041666666667,1
29,32.5,33.5,0,9,29.5,43.2291666666667,1
29,32.5,33.5,0,10,29.5,32.8125,1
29,32.5,34.5,0,1,30.5,45.8333333333333,1
29,32.5,34.5,0,2,33.9751090368999,3.64583333333333,1
29,32.5,34.5,0,3,33.9751090368999,2.60416666666667,1
29,32.5,34.5,0,4,33.9751090368999,1.5625,1
29,32.5,34.5,0,5,33.9751090368999,2.60416666666667,0
29,32.5,34.5,0,6,30.5,32.8125,1
29,32.5,34.5,0,7,30.5,49.4791666666667,1
29,32.5,34.5,0,8,33.9751090368999,1.04166666666667,1
29,32.5,34.5,0,9,30.5,28.6458333333333,1
29,32.5,34.5,0,10,30.5,45.3125,1
29,32.5,30.5,1,1,38.5,7.8125,1
29,32.5,30.5,1,2,33.3898618470923,1.5625,1
29,32.5,30.5,1,3,38.5,11.4583333333333,1
29,32.5,30.5,1,4,38.5,23.9583333333333,1
29,32.5,30.5,1,5,33.3898618470923,7.8125,1
29,32.5,30.5,1,6,33.3898618470923,2.08333333333333,1
29,32.5,30.5,1,7,33.3898618470923,2.08333333333333,1
29,32.5,30.5,1,8,38.5,21.875,1
29,32.5,30.5,1,9,33.3898618470923,6.77083333333333,1
29,32.5,30.5,1,10,38.5,5.72916666666667,1
29,32.5,31.5,1,1,39.5,34.8958333333333,1
29,32.5,31.5,1,2,35.5517907364969,8.85416666666667,1
29,32.5,31.5,1,3,39.5,17.1875,1
29,32.5,31.5,1,4,35.5517907364969,4.16666666666667,1
29,32.5,31.5,1,5,39.5,12.5,1
29,32.5,31.5,1,6,35.5517907364969,2.08333333333333,1
29,32.5,31.5,1,7,39.5,5.72916666666667,1
29,32.5,31.5,1,8,35.5517907364969,2.08333333333333,1
29,32.5,31.5,1,9,35.5517907364969,1.04166666666667,1
29,32.5,31.5,1,10,39.5,34.8958333333333,1
29,32.5,32.5,1,1,34.2744640157176,3.125,1
29,32.5,32.5,1,2,40.5,30.2083333333333,1
29,32.5,32.5,1,3,40.5,27.6041666666667,1
29,32.5,32.5,1,4,40.5,32.8125,1
29,32.5,32.5,1,5,40.5,25.5208333333333,1
29,32.5,32.5,1,6,40.5,30.7291666666667,1
29,32.5,32.5,1,7,34.2744640157176,3.125,1
29,32.5,32.5,1,8,34.2744640157176,1.04166666666667,1
29,32.5,32.5,1,9,34.2744640157176,2.08333333333333,1
29,32.5,32.5,1,10,34.2744640157176,6.77083333333333,1
29,32.5,33.5,1,1,41.5,23.4375,1
29,32.5,33.5,1,2,41.5,44.7916666666667,1
29,32.5,33.5,1,3,34.8926897992238,3.64583333333333,1
29,32.5,33.5,1,4,34.8926897992238,2.60416666666667,1
29,32.5,33.5,1,5,41.5,14.0625,1
29,32.5,33.5,1,6,41.5,21.875,1
29,32.5,33.5,1,7,34.8926897992238,1.5625,1
29,32.5,33.5,1,8,34.8926897992238,1.5625,1
29,32.5,33.5,1,9,41.5,5.72916666666667,1
29,32.5,33.5,1,10,34.8926897992238,1.5625,1
29,32.5,34.5,1,1,36.2857528842671,3.125,1
29,32.5,34.5,1,2,36.2857528842671,7.8125,1
29,32.5,34.5,1,3,36.2857528842671,6.25,1
29,32.5,34.5,1,4,42.5,64.0625,1
29,32.5,34.5,1,5,36.2857528842671,1.04166666666667,1
29,32.5,34.5,1,6,42.5,29.1666666666667,1
29,32.5,34.5,1,7,42.5,50.5208333333333,1
29,32.5,34.5,1,8,42.5,35.9375,1
29,32.5,34.5,1,9,36.2857528842671,2.60416666666667,1
29,32.5,34.5,1,10,42.5,14.0625,1
30,32.1,30.1,0,1,29.8371092769748,10.9375,1
30,32.1,30.1,0,2,26.1,92.1875,1
30,32.1,30.1,0,3,29.8371092769748,9.375,1
30,32.1,30.1,0,4,29.8371092769748,17.1875,1
30,32.1,30.1,0,5,29.8371092769748,25.5208333333333,1
30,32.1,30.1,0,6,26.1,74.4791666666667,1
30,32.1,30.1,0,7,26.1,96.3541666666667,1
30,32.1,30.1,0,8,29.8371092769748,19.2708333333333,1
30,32.1,30.1,0,9,26.1,71.3541666666667,1
30,32.1,30.1,0,10,26.1,53.6458333333333,1
30,32.1,31.1,0,1,30.7798388386535,11.9791666666667,1
30,32.1,31.1,0,2,27.1,86.9791666666667,1
30,32.1,31.1,0,3,30.7798388386535,10.9375,1
30,32.1,31.1,0,4,27.1,86.9791666666667,1
30,32.1,31.1,0,5,30.7798388386535,0,0
30,32.1,31.1,0,6,27.1,89.0625,1
30,32.1,31.1,0,7,30.7798388386535,16.1458333333333,1
30,32.1,31.1,0,8,27.1,66.1458333333333,1
30,32.1,31.1,0,9,30.7798388386535,30.7291666666667,1
30,32.1,31.1,0,10,27.1,52.0833333333333,1
30,32.1,32.1,0,1,28.1,81.7708333333333,1
30,32.1,32.1,0,2,31.8121846431361,7.29166666666667,1
30,32.1,32.1,0,3,28.1,95.3125,1
30,32.1,32.1,0,4,31.8121846431361,9.89583333333333,1
30,32.1,32.1,0,5,31.8121846431361,14.5833333333333,1
30,32.1,32.1,0,6,28.1,93.2291666666667,1
30,32.1,32.1,0,7,28.1,94.2708333333333,1
30,32.1,32.1,0,8,31.8121846431361,14.5833333333333,1
30,32.1,32.1,0,9,31.8121846431361,29.6875,1
30,32.1,32.1,0,10,28.1,91.1458333333333,1
30,32.1,33.1,0,1,29.1,66.1458333333333,1
30,32.1,33.1,0,2,32.7028600810208,7.29166666666667,1
30,32.1,33.1,0,3,29.1,79.1666666666667,1
30,32.1,33.1,0,4,32.7028600810208,27.6041666666667,1
30,32.1,33.1,0,5,29.1,78.6458333333333,1
30,32.1,33.1,0,6,29.1,84.8958333333333,1
30,32.1,33.1,0,7,32.7028600810208,23.4375,1
30,32.1,33.1,0,8,32.7028600810208,24.4791666666667,1
30,32.1,33.1,0,9,29.1,71.3541666666667,1
30,32.1,33.1,0,10,32.7028600810208,17.1875,1
30,32.1,34.1,0,1,33.5826446607003,10.9375,1
30,32.1,34.1,0,2,30.1,73.4375,1
30,32.1,34.1,0,3,33.5826446607003,15.625,1
30,32.1,34.1,0,4,30.1,71.3541666666667,1
30,32.1,34.1,0,5,30.1,55.7291666666667,1
30,32.1,34.1,0,6,30.1,67.1875,1
30,32.1,34.1,0,7,33.5826446607003,8.85416666666667,1
30,32.1,34.1,0,8,33.5826446607003,7.8125,1
30,32.1,34.1,0,9,30.1,47.3958333333333,1
30,32.1,34.1,0,10,33.5826446607003,9.89583333333333,1
30,32.1,30.1,1,1,38.1,77.6041666666667,1
30,32.1,30.1,1,2,38.1,88.0208333333333,1
30,32.1,30.1,1,3,38.5799351610994,80.2083333333333,1
30,32.1,30.1,1,4,38.1,93.2291666666667,1
30,32.1,30.1,1,5,38.5799351610994,55.7291666666667,1
30,32.1,30.1,1,6,38.5799351610994,69.2708333333333,1
30,32.1,30.1,1,7,38.5799351610994,58.8541666666667,1
30,32.1,30.1,1,8,38.1,58.8541666666667,1
30,32.1,30.1,1,9,38.1,36.4583333333333,1
30,32.1,30.1,1,10,38.5799351610994,49.4791666666667,1
30,32.1,31.1,1,1,39.1,93.2291666666667,1
30,32.1,31.1,1,2,34.4754516964001,89.5833333333333,1
30,32.1,31.1,1,3,39.1,96.3541666666667,1
30,32.1,31.1,1,4,39.1,83.3333333333333,1
30,32.1,31.1,1,5,34.4754516964001,4.16666666666667,1
30,32.1,31.1,1,6,39.1,84.375,1
30,32.1,31.1,1,7,34.4754516964001,46.875,1
30,32.1,31.1,1,8,39.1,63.0208333333333,1
30,32.1,31.1,1,9,34.4754516964001,42.1875,1
30,32.1,31.1,1,10,34.4754516964001,35.9375,1
30,32.1,32.1,1,1,40.1,94.2708333333333,1
30,32.1,32.1,1,2,40.1,96.3541666666667,1
30,32.1,32.1,1,3,33.9528019017702,10.9375,1
30,32.1,32.1,1,4,40.1,83.8541666666667,1
30,32.1,32.1,1,5,40.1,84.8958333333333,1
30,32.1,32.1,1,6,33.9528019017702,25.5208333333333,1
30,32.1,32.1,1,7,33.9528019017702,19.2708333333333,1
30,32.1,32.1,1,8,40.1,85.9375,1
30,32.1,32.1,1,9,33.9528019017702,27.6041666666667,1
30,32.1,32.1,1,10,33.9528019017702,15.1041666666667,1
30,32.1,33.1,1,1,41.1,83.8541666666667,1
30,32.1,33.1,1,2,41.1,96.875,1
30,32.1,33.1,1,3,35.12861203287,8.85416666666667,1
30,32.1,33.1,1,4,35.12861203287,35.9375,1
30,32.1,33.1,1,5,35.12861203287,29.6875,1
30,32.1,33.1,1,6,41.1,96.3541666666667,1
30,32.1,33.1,1,7,41.1,83.8541666666667,1
30,32.1,33.1,1,8,41.1,96.3541666666667,1
30,32.1,33.1,1,9,35.12861203287,16.1458333333333,1
30,32.1,33.1,1,10,35.12861203287,19.2708333333333,1
30,32.1,34.1,1,1,42.1,80.7291666666667,1
30,32.1,34.1,1,2,42.1,83.8541666666667,1
30,32.1,34.1,1,3,35.0825041630045,16.1458333333333,1
30,32.1,34.1,1,4,35.0825041630045,17.1875,1
30,32.1,34.1,1,5,42.1,66.1458333333333,1
30,32.1,34.1,1,6,35.0825041630045,22.3958333333333,1
30,32.1,34.1,1,7,35.0825041630045,17.7083333333333,1
30,32.1,34.1,1,8,42.1,82.2916666666667,1
30,32.1,34.1,1,9,35.0825041630045,44.2708333333333,1
30,32.1,34.1,1,10,42.1,69.2708333333333,1
32,32.2,30.2,0,1,26.2,73.4375,1
32,32.2,30.2,0,2,29.5959168440764,17.1875,1
32,32.2,30.2,0,3,26.2,53.6458333333333,1
32,32.2,30.2,0,4,26.2,69.2708333333333,1
32,32.2,30.2,0,5,26.2,51.5625,1
32,32.2,30.2,0,6,29.5959168440764,0,1
32,32.2,30.2,0,7,29.5959168440764,4.6875,1
32,32.2,30.2,0,8,29.5959168440764,0,1
32,32.2,30.2,0,9,29.5959168440764,6.77083333333333,1
32,32.2,30.2,0,10,26.2,53.6458333333333,1
32,32.2,31.2,0,1,31.146768603592,0,1
32,32.2,31.2,0,2,31.146768603592,0,0
32,32.2,31.2,0,3,27.2,0,0
32,32.2,31.2,0,4,27.2,54.6875,1
32,32.2,31.2,0,5,27.2,66.1458333333333,1
32,32.2,31.2,0,6,31.146768603592,0,1
32,32.2,31.2,0,7,27.2,59.8958333333333,1
32,32.2,31.2,0,8,31.146768603592,0,1
32,32.2,31.2,0,9,27.2,58.8541666666667,1
32,32.2,31.2,0,10,31.146768603592,0,1
32,32.2,32.2,0,1,28.2,64.0625,1
32,32.2,32.2,0,2,28.2,76.0416666666667,1
32,32.2,32.2,0,3,31.2928067975157,6.77083333333333,1
32,32.2,32.2,0,4,31.2928067975157,0,1
32,32.2,32.2,0,5,28.2,65.625,1
32,32.2,32.2,0,6,31.2928067975157,0,1
32,32.2,32.2,0,7,31.2928067975157,6.77083333333333,1
32,32.2,32.2,0,8,31.2928067975157,6.77083333333333,1
32,32.2,32.2,0,9,28.2,59.8958333333333,1
32,32.2,32.2,0,10,28.2,45.8333333333333,1
32,32.2,33.2,0,1,29.2,69.2708333333333,1
32,32.2,33.2,0,2,29.2,63.0208333333333,1
32,32.2,33.2,0,3,32.4841814066886,0,1
32,32.2,33.2,0,4,32.4841814066886,0,1
32,32.2,33.2,0,5,29.2,64.0625,1
32,32.2,33.2,0,6,32.4841814066886,0,1
32,32.2,33.2,0,7,32.4841814066886,0,1
32,32.2,33.2,0,8,29.2,51.5625,1
32,32.2,33.2,0,9,29.2,53.6458333333333,1
32,32.2,33.2,0,10,32.4841814066886,10.9375,1
32,32.2,34.2,0,1,30.2,0,1
32,32.2,34.2,0,2,33.6918391806088,4.6875,1
32,32.2,34.2,0,3,30.2,70.3125,1
32,32.2,34.2,0,4,30.2,68.2291666666667,1
32,32.2,34.2,0,5,33.6918391806088,0,1
32,32.2,34.2,0,6,33.6918391806088,0,1
32,32.2,34.2,0,7,30.2,52.6041666666667,1
32,32.2,34.2,0,8,33.6918391806088,0,1
32,32.2,34.2,0,9,33.6918391806088,0,1
32,32.2,34.2,0,10,30.2,41.1458333333333,1
32,32.2,30.2,1,1,31.7725807383176,10.9375,1
32,32.2,30.2,1,2,31.7725807383176,8.85416666666667,1
32,32.2,30.2,1,3,38.2,71.3541666666667,1
32,32.2,30.2,1,4,38.2,64.0625,1
32,32.2,30.2,1,5,38.2,60.9375,1
32,32.2,30.2,1,6,31.7725807383176,0,1
32,32.2,30.2,1,7,31.7725807383176,11.9791666666667,1
32,32.2,30.2,1,8,38.2,38.5416666666667,1
32,32.2,30.2,1,9,31.7725807383176,7.8125,1
32,32.2,30.2,1,10,38.2,47.3958333333333,1
32,32.2,31.2,1,1,33.1128678517462,36.4583333333333,1
32,32.2,31.2,1,2,33.1128678517462,0,1
32,32.2,31.2,1,3,33.1128678517462,30.7291666666667,1
32,32.2,31.2,1,4,39.2,74.4791666666667,1
32,32.2,31.2,1,5,33.1128678517462,32.8125,1
32,32.2,31.2,1,6,39.2,72.3958333333333,1
32,32.2,31.2,1,7,39.2,96.3541666666667,1
32,32.2,31.2,1,8,39.2,51.5625,1
32,32.2,31.2,1,9,33.1128678517462,0,1
32,32.2,31.2,1,10,39.2,43.2291666666667,1
32,32.2,32.2,1,1,34.6152888560227,34.8958333333333,1
32,32.2,32.2,1,2,34.6152888560227,9.375,1
32,32.2,32.2,1,3,34.6152888560227,32.8125,1
32,32.2,32.2,1,4,40.2,88.5416666666667,1
32,32.2,32.2,1,5,34.6152888560227,43.2291666666667,1
32,32.2,32.2,1,6,40.2,49.4791666666667,1
32,32.2,32.2,1,7,40.2,82.2916666666667,1
32,32.2,32.2,1,8,40.2,59.8958333333333,1
32,32.2,32.2,1,9,40.2,50.5208333333333,1
32,32.2,32.2,1,10,34.6152888560227,0,1
32,32.2,33.2,1,1,41.2,76.5625,1
32,32.2,33.2,1,2,41.2,68.2291666666667,1
32,32.2,33.2,1,3,41.2,52.6041666666667,1
32,32.2,33.2,1,4,41.2,53.6458333333333,1
32,32.2,33.2,1,5,37.0729157161999,5.72916666666667,1
32,32.2,33.2,1,6,37.0729157161999,15.625,1
32,32.2,33.2,1,7,41.2,39.0625,1
32,32.2,33.2,1,8,37.0729157161999,10.9375,1
32,32.2,33.2,1,9,37.0729157161999,11.9791666666667,1
32,32.2,33.2,1,10,37.0729157161999,31.7708333333333,1
32,32.2,34.2,1,1,34.9118522544738,25,1
32,32.2,34.2,1,2,34.9118522544738,0,1
32,32.2,34.2,1,3,34.9118522544738,0,1
32,32.2,34.2,1,4,34.9118522544738,8.85416666666667,1
32,32.2,34.2,1,5,42.2,74.4791666666667,1
32,32.2,34.2,1,6,42.2,100,1
32,32.2,34.2,1,7,42.2,75.5208333333333,1
32,32.2,34.2,1,8,34.9118522544738,0,1
32,32.2,34.2,1,9,42.2,50,1
32,32.2,34.2,1,10,42.2,65.1041666666667,1
34,29.5,27.5,0,1,23.5,7.8125,1
34,29.5,27.5,0,2,26.7723876179003,2.60416666666667,1
34,29.5,27.5,0,3,23.5,5.72916666666667,1
34,29.5,27.5,0,4,23.5,7.8125,1
34,29.5,27.5,0,5,23.5,5.72916666666667,1
34,29.5,27.5,0,6,26.7723876179003,1.5625,1
34,29.5,27.5,0,7,26.7723876179003,1.5625,1
34,29.5,27.5,0,8,26.7723876179003,2.60416666666667,1
34,29.5,27.5,0,9,26.7723876179003,1.5625,1
34,29.5,27.5,0,10,23.5,3.64583333333333,1
34,29.5,28.5,0,1,28.2180364203572,2.60416666666667,1
34,29.5,28.5,0,2,28.2180364203572,3.64583333333333,1
34,29.5,28.5,0,3,24.5,6.77083333333333,1
34,29.5,28.5,0,4,24.5,7.29166666666667,1
34,29.5,28.5,0,5,24.5,7.8125,1
34,29.5,28.5,0,6,28.2180364203572,2.60416666666667,1
34,29.5,28.5,0,7,24.5,4.6875,1
34,29.5,28.5,0,8,28.2180364203572,1.5625,1
34,29.5,28.5,0,9,24.5,5.72916666666667,1
34,29.5,28.5,0,10,28.2180364203572,2.60416666666667,1
34,29.5,29.5,0,1,25.5,7.29166666666667,1
34,29.5,29.5,0,2,25.5,6.77083333333333,1
34,29.5,29.5,0,3,29.4702522856723,2.60416666666667,1
34,29.5,29.5,0,4,29.4702522856723,1.5625,1
34,29.5,29.5,0,5,25.5,5.72916666666667,1
34,29.5,29.5,0,6,29.4702522856723,2.60416666666667,1
34,29.5,29.5,0,7,29.4702522856723,1.5625,1
34,29.5,29.5,0,8,29.4702522856723,1.5625,1
34,29.5,29.5,0,9,25.5,3.64583333333333,1
34,29.5,29.5,0,10,25.5,4.6875,1
34,29.5,30.5,0,1,26.5,7.8125,1
34,29.5,30.5,0,2,26.5,7.8125,1
34,29.5,30.5,0,3,30.4662836416765,1.5625,1
34,29.5,30.5,0,4,30.4662836416765,1.5625,1
34,29.5,30.5,0,5,26.5,4.6875,1
34,29.5,30.5,0,6,30.4662836416765,0,1
34,29.5,30.5,0,7,30.4662836416765,3.64583333333333,1
34,29.5,30.5,0,8,26.5,3.64583333333333,1
34,29.5,30.5,0,9,26.5,6.77083333333333,1
34,29.5,30.5,0,10,30.4662836416765,1.5625,1
34,29.5,31.5,0,1,27.5,9.89583333333333,1
34,29.5,31.5,0,2,31.4844862392522,5.72916666666667,1
34,29.5,31.5,0,3,27.5,5.72916666666667,1
34,29.5,31.5,0,4,27.5,5.72916666666667,1
34,29.5,31.5,0,5,31.4844862392522,3.64583333333333,1
34,29.5,31.5,0,6,31.4844862392522,3.64583333333333,1
34,29.5,31.5,0,7,27.5,9.89583333333333,1
34,29.5,31.5,0,8,31.4844862392522,2.60416666666667,1
34,29.5,31.5,0,9,31.4844862392522,1.5625,1
34,29.5,31.5,0,10,27.5,7.8125,1
34,29.5,27.5,1,1,30.7977070944406,2.60416666666667,1
34,29.5,27.5,1,2,30.7977070944406,1.5625,1
34,29.5,27.5,1,3,35.5,9.89583333333333,1
34,29.5,27.5,1,4,35.5,4.6875,1
34,29.5,27.5,1,5,35.5,3.64583333333333,1
34,29.5,27.5,1,6,30.7977070944406,1.5625,1
34,29.5,27.5,1,7,30.7977070944406,2.60416666666667,1
34,29.5,27.5,1,8,35.5,3.64583333333333,1
34,29.5,27.5,1,9,30.7977070944406,2.60416666666667,1
34,29.5,27.5,1,10,35.5,3.64583333333333,1
34,29.5,28.5,1,1,39.201386510835,13.0208333333333,1
34,29.5,28.5,1,2,39.201386510835,11.4583333333333,1
34,29.5,28.5,1,3,39.201386510835,6.77083333333333,1
34,29.5,28.5,1,4,36.5,5.72916666666667,1
34,29.5,28.5,1,5,39.201386510835,4.6875,1
34,29.5,28.5,1,6,36.5,3.64583333333333,1
34,29.5,28.5,1,7,36.5,2.60416666666667,1
34,29.5,28.5,1,8,36.5,2.60416666666667,1
34,29.5,28.5,1,9,39.201386510835,5.72916666666667,1
34,29.5,28.5,1,10,36.5,2.60416666666667,1
34,29.5,29.5,1,1,31.2990368672015,3.64583333333333,1
34,29.5,29.5,1,2,31.2990368672015,2.60416666666667,1
34,29.5,29.5,1,3,31.2990368672015,3.64583333333333,1
34,29.5,29.5,1,4,37.5,5.20833333333333,1
34,29.5,29.5,1,5,31.2990368672015,3.64583333333333,1
34,29.5,29.5,1,6,37.5,5.72916666666667,1
34,29.5,29.5,1,7,37.5,7.8125,1
34,29.5,29.5,1,8,37.5,2.60416666666667,1
34,29.5,29.5,1,9,37.5,4.6875,1
34,29.5,29.5,1,10,31.2990368672015,2.60416666666667,1
34,29.5,30.5,1,1,38.5,7.8125,1
34,29.5,30.5,1,2,38.5,5.72916666666667,1
34,29.5,30.5,1,3,38.5,8.85416666666667,1
34,29.5,30.5,1,4,38.5,3.64583333333333,1
34,29.5,30.5,1,5,32.1122517192373,2.60416666666667,1
34,29.5,30.5,1,6,32.1122517192373,0,1
34,29.5,30.5,1,7,38.5,5.72916666666667,1
34,29.5,30.5,1,8,32.1122517192373,2.60416666666667,1
34,29.5,30.5,1,9,32.1122517192373,1.5625,1
34,29.5,30.5,1,10,32.1122517192373,2.60416666666667,1
34,29.5,31.5,1,1,32.8268456260476,4.16666666666667,1
34,29.5,31.5,1,2,32.8268456260476,4.6875,1
34,29.5,31.5,1,3,32.8268456260476,6.77083333333333,1
34,29.5,31.5,1,4,32.8268456260476,2.60416666666667,1
34,29.5,31.5,1,5,39.5,13.5416666666667,1
34,29.5,31.5,1,6,39.5,10.4166666666667,1
34,29.5,31.5,1,7,39.5,9.89583333333333,1
34,29.5,31.5,1,8,32.8268456260476,2.60416666666667,1
34,29.5,31.5,1,9,39.5,4.6875,1
34,29.5,31.5,1,10,39.5,6.77083333333333,1
36,30.2,28.2,0,1,24.2,38.0208333333333,1
36,30.2,28.2,0,2,24.2,28.6458333333333,1
36,30.2,28.2,0,3,27.1347095796385,7.8125,1
36,30.2,28.2,0,4,24.2,22.3958333333333,1
36,30.2,28.2,0,5,24.2,17.1875,1
36,30.2,28.2,0,6,27.1347095796385,0,1
36,30.2,28.2,0,7,27.1347095796385,7.8125,1
36,30.2,28.2,0,8,24.2,33.8541666666667,1
36,30.2,28.2,0,9,27.1347095796385,16.1458333333333,1
36,30.2,28.2,0,10,27.1347095796385,5.72916666666667,1
36,30.2,29.2,0,1,27.1978084448071,22.3958333333333,1
36,30.2,29.2,0,2,27.1978084448071,36.9791666666667,1
36,30.2,29.2,0,3,25.2,44.2708333333333,1
36,30.2,29.2,0,4,27.1978084448071,41.1458333333333,1
36,30.2,29.2,0,5,25.2,21.3541666666667,1
36,30.2,29.2,0,6,25.2,33.8541666666667,1
36,30.2,29.2,0,7,27.1978084448071,38.0208333333333,1
36,30.2,29.2,0,8,25.2,34.8958333333333,1
36,30.2,29.2,0,9,25.2,41.1458333333333,1
36,30.2,29.2,0,10,27.1978084448071,18.2291666666667,1
36,30.2,30.2,0,1,29.0537614866612,21.3541666666667,1
36,30.2,30.2,0,2,26.2,30.7291666666667,1
36,30.2,30.2,0,3,29.0537614866612,18.2291666666667,1
36,30.2,30.2,0,4,29.0537614866612,31.7708333333333,1
36,30.2,30.2,0,5,26.2,43.2291666666667,1
36,30.2,30.2,0,6,26.2,29.6875,1
36,30.2,30.2,0,7,26.2,34.8958333333333,1
36,30.2,30.2,0,8,29.0537614866612,0,1
36,30.2,30.2,0,9,26.2,20.3125,1
36,30.2,30.2,0,10,29.0537614866612,0,1
36,30.2,31.2,0,1,27.2,43.2291666666667,1
36,30.2,31.2,0,2,30.1904269854072,23.4375,1
36,30.2,31.2,0,3,27.2,29.6875,1
36,30.2,31.2,0,4,27.2,48.4375,1
36,30.2,31.2,0,5,30.1904269854072,0,1
36,30.2,31.2,0,6,27.2,24.4791666666667,1
36,30.2,31.2,0,7,30.1904269854072,9.89583333333333,1
36,30.2,31.2,0,8,30.1904269854072,0,1
36,30.2,31.2,0,9,27.2,41.1458333333333,1
36,30.2,31.2,0,10,30.1904269854072,15.1041666666667,1
36,30.2,32.2,0,1,28.2,56.7708333333333,1
36,30.2,32.2,0,2,31.6463310220035,0,1
36,30.2,32.2,0,3,28.2,31.7708333333333,1
36,30.2,32.2,0,4,31.6463310220035,18.2291666666667,1
36,30.2,32.2,0,5,28.2,36.9791666666667,1
36,30.2,32.2,0,6,28.2,49.4791666666667,1
36,30.2,32.2,0,7,31.6463310220035,16.6666666666667,1
36,30.2,32.2,0,8,31.6463310220035,11.9791666666667,1
36,30.2,32.2,0,9,31.6463310220035,0,1
36,30.2,32.2,0,10,28.2,39.0625,1
36,30.2,28.2,1,1,36.2,5.72916666666667,1
36,30.2,28.2,1,2,32.7229661090425,20.8333333333333,1
36,30.2,28.2,1,3,32.7229661090425,4.6875,1
36,30.2,28.2,1,4,32.7229661090425,15.1041666666667,1
36,30.2,28.2,1,5,36.2,18.2291666666667,1
36,30.2,28.2,1,6,36.2,27.6041666666667,1
36,30.2,28.2,1,7,32.7229661090425,13.5416666666667,1
36,30.2,28.2,1,8,36.2,30.7291666666667,1
36,30.2,28.2,1,9,32.7229661090425,0,1
36,30.2,28.2,1,10,36.2,22.3958333333333,1
36,30.2,29.2,1,1,36.1355139382857,16.1458333333333,1
36,30.2,29.2,1,2,36.1355139382857,27.6041666666667,1
36,30.2,29.2,1,3,37.2,19.2708333333333,1
36,30.2,29.2,1,4,37.2,31.7708333333333,1
36,30.2,29.2,1,5,36.1355139382857,0,1
36,30.2,29.2,1,6,37.2,35.9375,1
36,30.2,29.2,1,7,37.2,42.1875,1
36,30.2,29.2,1,8,36.1355139382857,40.1041666666667,1
36,30.2,29.2,1,9,36.1355139382857,17.1875,1
36,30.2,29.2,1,10,37.2,41.1458333333333,1
36,30.2,30.2,1,1,38.2,30.7291666666667,1
36,30.2,30.2,1,2,34.7077416266334,14.0625,1
36,30.2,30.2,1,3,38.2,34.8958333333333,1
36,30.2,30.2,1,4,34.7077416266334,13.0208333333333,1
36,30.2,30.2,1,5,34.7077416266334,0,1
36,30.2,30.2,1,6,38.2,32.8125,1
36,30.2,30.2,1,7,34.7077416266334,19.2708333333333,1
36,30.2,30.2,1,8,34.7077416266334,0,1
36,30.2,30.2,1,9,38.2,29.6875,1
36,30.2,30.2,1,10,38.2,34.375,1
36,30.2,31.2,1,1,39.2,32.8125,1
36,30.2,31.2,1,2,35.3907010276365,18.2291666666667,1
36,30.2,31.2,1,3,35.3907010276365,13.0208333333333,1
36,30.2,31.2,1,4,39.2,36.9791666666667,1
36,30.2,31.2,1,5,35.3907010276365,0,1
36,30.2,31.2,1,6,39.2,32.8125,1
36,30.2,31.2,1,7,39.2,38.0208333333333,1
36,30.2,31.2,1,8,39.2,35.9375,1
36,30.2,31.2,1,9,35.3907010276365,41.1458333333333,1
36,30.2,31.2,1,10,35.3907010276365,0,1
36,30.2,32.2,1,1,34.6860303772603,10.9375,1
36,30.2,32.2,1,2,34.6860303772603,24.4791666666667,1
36,30.2,32.2,1,3,34.6860303772603,11.9791666666667,1
36,30.2,32.2,1,4,34.6860303772603,35.9375,1
36,30.2,32.2,1,5,40.2,47.3958333333333,1
36,30.2,32.2,1,6,40.2,49.4791666666667,1
36,30.2,32.2,1,7,34.6860303772603,19.2708333333333,1
36,30.2,32.2,1,8,40.2,51.5625,1
36,30.2,32.2,1,9,40.2,55.2083333333333,1
36,30.2,32.2,1,10,40.2,60.9375,1
38,30,28,0,1,24,64.5833333333333,1
38,30,28,0,2,27.7363408239009,2.08333333333333,1
38,30,28,0,3,24,41.1458333333333,1
38,30,28,0,4,24,44.7916666666667,1
38,30,28,0,5,24,33.8541666666667,1
38,30,28,0,6,27.7363408239009,8.85416666666667,1
38,30,28,0,7,27.7363408239009,4.16666666666667,1
38,30,28,0,8,27.7363408239009,0,1
38,30,28,0,9,27.7363408239009,8.85416666666667,1
38,30,28,0,10,24,22.3958333333333,1
38,30,29,0,1,28.7450118424283,8.85416666666667,1
38,30,29,0,2,28.7450118424283,2.08333333333333,1
38,30,29,0,3,25,35.4166666666667,1
38,30,29,0,4,25,28.6458333333333,1
38,30,29,0,5,25,18.2291666666667,1
38,30,29,0,6,28.7450118424283,1.5625,1
38,30,29,0,7,25,15.625,1
38,30,29,0,8,28.7450118424283,1.5625,1
38,30,29,0,9,25,6.77083333333333,1
38,30,29,0,10,28.7450118424283,0,1
38,30,30,0,1,26,52.6041666666667,1
38,30,30,0,2,26,41.6666666666667,1
38,30,30,0,3,29.7363408239009,3.125,1
38,30,30,0,4,29.7363408239009,0,1
38,30,30,0,5,26,18.2291666666667,1
38,30,30,0,6,29.7363408239009,4.16666666666667,1
38,30,30,0,7,29.7363408239009,2.60416666666667,1
38,30,30,0,8,29.7363408239009,0,1
38,30,30,0,9,26,16.1458333333333,1
38,30,30,0,10,26,13.0208333333333,1
38,30,31,0,1,27,51.5625,1
38,30,31,0,2,27,51.5625,1
38,30,31,0,3,30.530141910681,8.33333333333333,1
38,30,31,0,4,30.530141910681,1.5625,1
38,30,31,0,5,27,25.5208333333333,1
38,30,31,0,6,30.530141910681,5.72916666666667,1
38,30,31,0,7,30.530141910681,0,1
38,30,31,0,8,27,24.4791666666667,1
38,30,31,0,9,27,33.8541666666667,1
38,30,31,0,10,30.530141910681,3.64583333333333,1
38,30,32,0,1,28,56.7708333333333,1
38,30,32,0,2,31.735517222624,11.9791666666667,1
38,30,32,0,3,28,28.6458333333333,1
38,30,32,0,4,28,40.625,1
38,30,32,0,5,31.735517222624,0,1
38,30,32,0,6,31.735517222624,5.72916666666667,1
38,30,32,0,7,28,23.9583333333333,1
38,30,32,0,8,31.735517222624,0,1
38,30,32,0,9,31.735517222624,3.125,1
38,30,32,0,10,28,12.5,1
38,30,28,1,1,30.6081639906137,9.89583333333333,1
38,30,28,1,2,30.6081639906137,8.33333333333333,1
38,30,28,1,3,36,25.5208333333333,1
38,30,28,1,4,36,36.9791666666667,1
38,30,28,1,5,36,25.5208333333333,1
38,30,28,1,6,30.6081639906137,0,1
38,30,28,1,7,30.6081639906137,2.08333333333333,1
38,30,28,1,8,36,16.1458333333333,1
38,30,28,1,9,30.6081639906137,8.85416666666667,1
38,30,28,1,10,36,22.3958333333333,1
38,30,29,1,1,30.8018632272864,0,1
38,30,29,1,2,30.8018632272864,3.64583333333333,1
38,30,29,1,3,30.8018632272864,2.60416666666667,1
38,30,29,1,4,37,16.1458333333333,1
38,30,29,1,5,30.8018632272864,5.72916666666667,1
38,30,29,1,6,37,28.6458333333333,1
38,30,29,1,7,37,32.8125,1
38,30,29,1,8,37,15.1041666666667,1
38,30,29,1,9,30.8018632272864,4.6875,1
38,30,29,1,10,37,19.2708333333333,1
38,30,30,1,1,31.8501295070048,1.04166666666667,1
38,30,30,1,2,31.8501295070048,10.9375,1
38,30,30,1,3,31.8501295070048,11.4583333333333,1
38,30,30,1,4,38,26.5625,1
38,30,30,1,5,31.8501295070048,6.77083333333333,1
38,30,30,1,6,38,36.9791666666667,1
38,30,30,1,7,38,36.9791666666667,1
38,30,30,1,8,38,34.8958333333333,1
38,30,30,1,9,38,42.1875,1
38,30,30,1,10,31.8501295070048,2.08333333333333,1
38,30,31,1,1,39,40.1041666666667,1
38,30,31,1,2,39,43.75,1
38,30,31,1,3,39,30.7291666666667,1
38,30,31,1,4,39,40.1041666666667,1
38,30,31,1,5,32.6832340794236,2.08333333333333,1
38,30,31,1,6,32.6832340794236,0,1
38,30,31,1,7,39,32.2916666666667,1
38,30,31,1,8,32.6832340794236,11.9791666666667,1
38,30,31,1,9,32.6832340794236,3.64583333333333,1
38,30,31,1,10,32.6832340794236,2.08333333333333,1
38,30,32,1,1,33.0700663778218,3.125,1
38,30,32,1,2,33.0700663778218,17.7083333333333,1
38,30,32,1,3,33.0700663778218,10.9375,1
38,30,32,1,4,33.0700663778218,18.2291666666667,1
38,30,32,1,5,40,71.3541666666667,1
38,30,32,1,6,40,80.7291666666667,1
38,30,32,1,7,40,70.8333333333333,1
38,30,32,1,8,33.0700663778218,0,1
38,30,32,1,9,40,15.1041666666667,1
38,30,32,1,10,40,21.3541666666667,1
39,33,31,0,1,30.7363408239009,1.04166666666667,1
39,33,31,0,2,30.7363408239009,0,1
39,33,31,0,3,30.7363408239009,1.5625,1
39,33,31,0,4,27,45.3125,1
39,33,31,0,5,27,48.4375,1
39,33,31,0,6,27,44.2708333333333,1
39,33,31,0,7,27,35.9375,1
39,33,31,0,8,30.7363408239009,0,1
39,33,31,0,9,27,29.6875,1
39,33,31,0,10,30.7363408239009,1.04166666666667,1
39,33,32,0,1,28,46.3541666666667,1
39,33,32,0,2,28,53.125,1
39,33,32,0,3,28,48.4375,1
39,33,32,0,4,28,48.4375,1
39,33,32,0,5,28,43.75,1
39,33,32,0,6,31.4984107206934,0,1
39,33,32,0,7,31.4984107206934,0,1
39,33,32,0,8,31.4984107206934,0,0
39,33,32,0,9,31.4984107206934,0,1
39,33,32,0,10,31.4984107206934,0,1
39,33,33,0,1,32.1358463107896,5.72916666666667,1
39,33,33,0,2,29,44.2708333333333,1
39,33,33,0,3,29,54.6875,1
39,33,33,0,4,32.1358463107896,0,1
39,33,33,0,5,32.1358463107896,4.16666666666667,1
39,33,33,0,6,29,46.3541666666667,1
39,33,33,0,7,29,49.4791666666667,1
39,33,33,0,8,29,25,1
39,33,33,0,9,32.1358463107896,4.16666666666667,1
39,33,33,0,10,32.1358463107896,1.04166666666667,1
39,33,34,0,1,30,23.4375,1
39,33,34,0,2,33.7180364203572,0,1
39,33,34,0,3,33.7180364203572,0,1
39,33,34,0,4,33.7180364203572,2.08333333333333,1
39,33,34,0,5,30,30.7291666666667,1
39,33,34,0,6,30,44.2708333333333,1
39,33,34,0,7,33.7180364203572,0,1
39,33,34,0,8,30,19.2708333333333,1
39,33,34,0,9,33.7180364203572,0,1
39,33,34,0,10,30,9.89583333333333,1
39,33,35,0,1,34.5834420168208,6.77083333333333,1
39,33,35,0,2,31,24.4791666666667,1
39,33,35,0,3,34.5834420168208,1.04166666666667,1
39,33,35,0,4,31,32.8125,1
39,33,35,0,5,34.5834420168208,4.6875,1
39,33,35,0,6,34.5834420168208,0,1
39,33,35,0,7,31,38.0208333333333,1
39,33,35,0,8,34.5834420168208,0,1
39,33,35,0,9,31,48.4375,1
39,33,35,0,10,31,45.3125,1
39,33,31,1,1,33.2922805723383,9.89583333333333,1
39,33,31,1,2,39,40.1041666666667,1
39,33,31,1,3,39,52.6041666666667,1
39,33,31,1,4,33.2922805723383,8.33333333333333,1
39,33,31,1,5,33.2922805723383,0,1
39,33,31,1,6,33.2922805723383,2.08333333333333,1
39,33,31,1,7,39,38.0208333333333,1
39,33,31,1,8,39,38.0208333333333,1
39,33,31,1,9,39,47.3958333333333,1
39,33,31,1,10,33.2922805723383,11.4583333333333,1
39,33,32,1,1,40,41.1458333333333,1
39,33,32,1,2,40,47.3958333333333,1
39,33,32,1,3,33.1646211434043,0,1
39,33,32,1,4,40,35.4166666666667,1
39,33,32,1,5,33.1646211434043,0,1
39,33,32,1,6,33.1646211434043,2.08333333333333,1
39,33,32,1,7,40,28.6458333333333,1
39,33,32,1,8,33.1646211434043,3.125,1
39,33,32,1,9,40,10.4166666666667,1
39,33,32,1,10,33.1646211434043,0,1
39,33,33,1,1,33.8524383889001,17.7083333333333,1
39,33,33,1,2,41,50.5208333333333,1
39,33,33,1,3,41,48.9583333333333,1
39,33,33,1,4,33.8524383889001,2.08333333333333,1
39,33,33,1,5,41,38.0208333333333,1
39,33,33,1,6,33.8524383889001,2.08333333333333,1
39,33,33,1,7,33.8524383889001,13.5416666666667,1
39,33,33,1,8,41,50,1
39,33,33,1,9,41,46.875,1
39,33,33,1,10,33.8524383889001,0,1
39,33,34,1,1,34.2635577309899,0,1
39,33,34,1,2,34.2635577309899,0,1
39,33,34,1,3,42,23.4375,1
39,33,34,1,4,42,49.4791666666667,1
39,33,34,1,5,34.2635577309899,2.08333333333333,1
39,33,34,1,6,42,50,1
39,33,34,1,7,42,46.3541666666667,1
39,33,34,1,8,34.2635577309899,0,1
39,33,34,1,9,42,25,1
39,33,34,1,10,34.2635577309899,0,1
39,33,35,1,1,43,53.6458333333333,1
39,33,35,1,2,35.6240523844085,4.16666666666667,1
39,33,35,1,3,35.6240523844085,0,1
39,33,35,1,4,35.6240523844085,8.85416666666667,1
39,33,35,1,5,43,33.8541666666667,1
39,33,35,1,6,43,54.6875,1
39,33,35,1,7,43,30.7291666666667,1
39,33,35,1,8,43,42.1875,1
39,33,35,1,9,35.6240523844085,0,1
39,33,35,1,10,35.6240523844085,0,1
40,31.3,29.3,0,1,25.3,49.4791666666667,1
40,31.3,29.3,0,2,28.9055672550654,0,1
40,31.3,29.3,0,3,25.3,11.9791666666667,1
40,31.3,29.3,0,4,25.3,4.6875,1
40,31.3,29.3,0,5,25.3,5.72916666666667,1
40,31.3,29.3,0,6,28.9055672550654,0,1
40,31.3,29.3,0,7,28.9055672550654,0,1
40,31.3,29.3,0,8,28.9055672550654,0,1
40,31.3,29.3,0,9,28.9055672550654,0,1
40,31.3,29.3,0,10,25.3,11.9791666666667,1
40,31.3,30.3,0,1,29.830141910681,9.89583333333333,1
40,31.3,30.3,0,2,29.830141910681,4.6875,1
40,31.3,30.3,0,3,26.3,44.2708333333333,1
40,31.3,30.3,0,4,26.3,41.1458333333333,1
40,31.3,30.3,0,5,26.3,4.6875,1
40,31.3,30.3,0,6,29.830141910681,0,1
40,31.3,30.3,0,7,26.3,2.60416666666667,1
40,31.3,30.3,0,8,29.830141910681,0,1
40,31.3,30.3,0,9,26.3,4.6875,1
40,31.3,30.3,0,10,29.830141910681,0,1
40,31.3,31.3,0,1,27.3,43.2291666666667,1
40,31.3,31.3,0,2,27.3,39.0625,1
40,31.3,31.3,0,3,30.8616554314022,0,1
40,31.3,31.3,0,4,30.8616554314022,0,1
40,31.3,31.3,0,5,27.3,9.89583333333333,1
40,31.3,31.3,0,6,30.8616554314022,0,1
40,31.3,31.3,0,7,30.8616554314022,0,1
40,31.3,31.3,0,8,30.8616554314022,0,1
40,31.3,31.3,0,9,27.3,6.77083333333333,1
40,31.3,31.3,0,10,27.3,14.0625,1
40,31.3,32.3,0,1,28.3,53.6458333333333,1
40,31.3,32.3,0,2,28.3,40.1041666666667,1
40,31.3,32.3,0,3,32.0278569136079,0,1
40,31.3,32.3,0,4,32.0278569136079,0,1
40,31.3,32.3,0,5,28.3,44.2708333333333,1
40,31.3,32.3,0,6,32.0278569136079,0,1
40,31.3,32.3,0,7,32.0278569136079,0,1
40,31.3,32.3,0,8,28.3,47.9166666666667,1
40,31.3,32.3,0,9,28.3,26.5625,1
40,31.3,32.3,0,10,32.0278569136079,0,1
40,31.3,33.3,0,1,29.3,59.8958333333333,1
40,31.3,33.3,0,2,33.0438160989895,0,1
40,31.3,33.3,0,3,29.3,45.3125,1
40,31.3,33.3,0,4,29.3,54.1666666666667,1
40,31.3,33.3,0,5,33.0438160989895,0,1
40,31.3,33.3,0,6,33.0438160989895,0,1
40,31.3,33.3,0,7,29.3,31.7708333333333,1
40,31.3,33.3,0,8,33.0438160989895,0,1
40,31.3,33.3,0,9,33.0438160989895,0,1
40,31.3,33.3,0,10,29.3,44.2708333333333,1
40,31.3,29.3,1,1,31.9303393863502,0,1
40,31.3,29.3,1,2,31.9303393863502,6.77083333333333,1
40,31.3,29.3,1,3,37.3,8.85416666666667,1
40,31.3,29.3,1,4,37.3,36.9791666666667,1
40,31.3,29.3,1,5,37.3,0,1
40,31.3,29.3,1,6,31.9303393863502,1.04166666666667,1
40,31.3,29.3,1,7,31.9303393863502,0,1
40,31.3,29.3,1,8,37.3,41.1458333333333,1
40,31.3,29.3,1,9,31.9303393863502,1.04166666666667,1
40,31.3,29.3,1,10,37.3,42.1875,1
40,31.3,30.3,1,1,34.2052872122241,0,1
40,31.3,30.3,1,2,34.2052872122241,8.85416666666667,1
40,31.3,30.3,1,3,34.2052872122241,1.04166666666667,1
40,31.3,30.3,1,4,38.3,49.4791666666667,1
40,31.3,30.3,1,5,34.2052872122241,0,1
40,31.3,30.3,1,6,38.3,18.2291666666667,1
40,31.3,30.3,1,7,38.3,2.60416666666667,1
40,31.3,30.3,1,8,38.3,22.3958333333333,1
40,31.3,30.3,1,9,34.2052872122241,0,1
40,31.3,30.3,1,10,38.3,21.3541666666667,1
40,31.3,31.3,1,1,38.7456701989229,0,1
40,31.3,31.3,1,2,38.7456701989229,10.9375,1
40,31.3,31.3,1,3,38.7456701989229,0,1
40,31.3,31.3,1,4,39.3,16.1458333333333,1
40,31.3,31.3,1,5,38.7456701989229,9.89583333333333,1
40,31.3,31.3,1,6,39.3,26.5625,1
40,31.3,31.3,1,7,39.3,5.72916666666667,1
40,31.3,31.3,1,8,39.3,8.85416666666667,1
40,31.3,31.3,1,9,39.3,0,1
40,31.3,31.3,1,10,38.7456701989229,14.0625,1
40,31.3,32.3,1,1,40.3,15.1041666666667,1
40,31.3,32.3,1,2,40.3,44.2708333333333,1
40,31.3,32.3,1,3,40.3,9.89583333333333,1
40,31.3,32.3,1,4,40.3,38.0208333333333,1
40,31.3,32.3,1,5,35.6412837311228,0,1
40,31.3,32.3,1,6,35.6412837311228,6.77083333333333,1
40,31.3,32.3,1,7,40.3,7.8125,1
40,31.3,32.3,1,8,35.6412837311228,6.77083333333333,1
40,31.3,32.3,1,9,35.6412837311228,0,1
40,31.3,32.3,1,10,35.6412837311228,7.8125,1
40,31.3,33.3,1,1,35.982914389485,0,1
40,31.3,33.3,1,2,35.982914389485,25.5208333333333,1
40,31.3,33.3,1,3,35.982914389485,7.8125,1
40,31.3,33.3,1,4,35.982914389485,21.3541666666667,1
40,31.3,33.3,1,5,41.3,59.8958333333333,1
40,31.3,33.3,1,6,41.3,69.2708333333333,1
40,31.3,33.3,1,7,41.3,16.1458333333333,1
40,31.3,33.3,1,8,35.982914389485,36.9791666666667,1
40,31.3,33.3,1,9,41.3,14.0625,1
40,31.3,33.3,1,10,41.3,57.8125,1
41,32.9,30.9,0,1,29.3666586809027,36.9791666666667,1
41,32.9,30.9,0,2,29.3666586809027,32.8125,1
41,32.9,30.9,0,3,26.9,58.8541666666667,1
41,32.9,30.9,0,4,29.3666586809027,29.6875,1
41,32.9,30.9,0,5,26.9,48.4375,1
41,32.9,30.9,0,6,26.9,64.0625,1
41,32.9,30.9,0,7,29.3666586809027,5.72916666666667,1
41,32.9,30.9,0,8,26.9,20.3125,1
41,32.9,30.9,0,9,26.9,31.7708333333333,1
41,32.9,30.9,0,10,29.3666586809027,16.1458333333333,1
41,32.9,31.9,0,1,31.635517222624,9.89583333333333,1
41,32.9,31.9,0,2,27.9,66.1458333333333,1
41,32.9,31.9,0,3,31.635517222624,0,1
41,32.9,31.9,0,4,27.9,58.8541666666667,1
41,32.9,31.9,0,5,31.635517222624,15.1041666666667,1
41,32.9,31.9,0,6,27.9,18.2291666666667,1
41,32.9,31.9,0,7,31.635517222624,0,1
41,32.9,31.9,0,8,27.9,33.8541666666667,1
41,32.9,31.9,0,9,27.9,74.4791666666667,1
41,32.9,31.9,0,10,31.635517222624,0,1
41,32.9,32.9,0,1,28.9,54.6875,1
41,32.9,32.9,0,2,32.370421252176,8.85416666666667,1
41,32.9,32.9,0,3,28.9,34.8958333333333,1
41,32.9,32.9,0,4,28.9,68.2291666666667,1
41,32.9,32.9,0,5,32.370421252176,11.9791666666667,1
41,32.9,32.9,0,6,32.370421252176,0,1
41,32.9,32.9,0,7,28.9,47.3958333333333,1
41,32.9,32.9,0,8,32.370421252176,7.8125,1
41,32.9,32.9,0,9,28.9,45.3125,1
41,32.9,32.9,0,10,32.370421252176,6.77083333333333,1
41,32.9,33.9,0,1,33.3632766630628,8.33333333333333,1
41,32.9,33.9,0,2,29.9,81.7708333333333,1
41,32.9,33.9,0,3,33.3632766630628,0,1
41,32.9,33.9,0,4,29.9,42.1875,1
41,32.9,33.9,0,5,29.9,46.3541666666667,1
41,32.9,33.9,0,6,33.3632766630628,7.8125,1
41,32.9,33.9,0,7,29.9,32.8125,1
41,32.9,33.9,0,8,33.3632766630628,8.85416666666667,1
41,32.9,33.9,0,9,33.3632766630628,0,1
41,32.9,33.9,0,10,29.9,43.2291666666667,1
41,32.9,34.9,0,1,30.9,54.6875,1
41,32.9,34.9,0,2,34.635517222624,4.6875,1
41,32.9,34.9,0,3,34.635517222624,0,1
41,32.9,34.9,0,4,34.635517222624,5.72916666666667,1
41,32.9,34.9,0,5,30.9,44.2708333333333,1
41,32.9,34.9,0,6,34.635517222624,7.8125,1
41,32.9,34.9,0,7,30.9,56.7708333333333,1
41,32.9,34.9,0,8,30.9,56.7708333333333,1
41,32.9,34.9,0,9,34.635517222624,8.85416666666667,1
41,32.9,34.9,0,10,30.9,60.9375,1
41,32.9,30.9,1,1,33.3954600108085,6.77083333333333,1
41,32.9,30.9,1,2,38.9,48.4375,1
41,32.9,30.9,1,3,33.3954600108085,0,1
41,32.9,30.9,1,4,38.9,16.1458333333333,1
41,32.9,30.9,1,5,33.3954600108085,9.89583333333333,1
41,32.9,30.9,1,6,38.9,31.7708333333333,1
41,32.9,30.9,1,7,38.9,54.6875,1
41,32.9,30.9,1,8,33.3954600108085,9.89583333333333,1
41,32.9,30.9,1,9,38.9,61.9791666666667,1
41,32.9,30.9,1,10,33.3954600108085,19.2708333333333,1
41,32.9,31.9,1,1,39.9,58.8541666666667,1
41,32.9,31.9,1,2,35.7033124340784,21.3541666666667,1
41,32.9,31.9,1,3,39.9,57.8125,1
41,32.9,31.9,1,4,35.7033124340784,7.8125,1
41,32.9,31.9,1,5,39.9,58.8541666666667,1
41,32.9,31.9,1,6,39.9,63.0208333333333,1
41,32.9,31.9,1,7,39.9,42.1875,1
41,32.9,31.9,1,8,35.7033124340784,39.0625,1
41,32.9,31.9,1,9,35.7033124340784,0,1
41,32.9,31.9,1,10,35.7033124340784,18.2291666666667,1
41,32.9,32.9,1,1,34.5343299180512,20.3125,1
41,32.9,32.9,1,2,40.9,58.8541666666667,1
41,32.9,32.9,1,3,34.5343299180512,13.0208333333333,1
41,32.9,32.9,1,4,34.5343299180512,9.89583333333333,1
41,32.9,32.9,1,5,34.5343299180512,8.85416666666667,1
41,32.9,32.9,1,6,40.9,17.1875,1
41,32.9,32.9,1,7,40.9,50.5208333333333,1
41,32.9,32.9,1,8,40.9,54.6875,1
41,32.9,32.9,1,9,34.5343299180512,0,1
41,32.9,32.9,1,10,40.9,43.2291666666667,1
41,32.9,33.9,1,1,34.8665319213593,30.7291666666667,1
41,32.9,33.9,1,2,41.9,74.4791666666667,1
41,32.9,33.9,1,3,34.8665319213593,20.3125,1
41,32.9,33.9,1,4,41.9,60.9375,1
41,32.9,33.9,1,5,41.9,75.5208333333333,1
41,32.9,33.9,1,6,34.8665319213593,8.85416666666667,1
41,32.9,33.9,1,7,34.8665319213593,0,1
41,32.9,33.9,1,8,34.8665319213593,8.85416666666667,1
41,32.9,33.9,1,9,41.9,68.2291666666667,1
41,32.9,33.9,1,10,41.9,64.0625,1
41,32.9,34.9,1,1,42.9,72.3958333333333,1
41,32.9,34.9,1,2,36.4885753824088,46.3541666666667,1
41,32.9,34.9,1,3,42.9,70.3125,1
41,32.9,34.9,1,4,42.9,86.9791666666667,1
41,32.9,34.9,1,5,42.9,72.3958333333333,1
41,32.9,34.9,1,6,42.9,72.3958333333333,1
41,32.9,34.9,1,7,36.4885753824088,24.4791666666667,1
41,32.9,34.9,1,8,36.4885753824088,23.4375,1
41,32.9,34.9,1,9,36.4885753824088,10.9375,1
41,32.9,34.9,1,10,36.4885753824088,9.89583333333333,1
51,31.5,29.5,0,1,25.5,0,1
51,31.5,29.5,0,2,25.5,3.125,1
51,31.5,29.5,0,3,28.5398255750749,0,1
51,31.5,29.5,0,4,28.5398255750749,0,1
51,31.5,29.5,0,5,25.5,3.125,1
51,31.5,29.5,0,6,28.5398255750749,0,1
51,31.5,29.5,0,7,28.5398255750749,0,1
51,31.5,29.5,0,8,28.5398255750749,0,1
51,31.5,29.5,0,9,25.5,5.72916666666667,1
51,31.5,29.5,0,10,25.5,15.1041666666667,1
51,31.5,30.5,0,1,29.6122901380555,0,1
51,31.5,30.5,0,2,29.6122901380555,0,1
51,31.5,30.5,0,3,29.6122901380555,0,1
51,31.5,30.5,0,4,26.5,14.0625,1
51,31.5,30.5,0,5,29.6122901380555,0,1
51,31.5,30.5,0,6,26.5,4.16666666666667,1
51,31.5,30.5,0,7,26.5,17.1875,1
51,31.5,30.5,0,8,26.5,19.2708333333333,1
51,31.5,30.5,0,9,29.6122901380555,0,1
51,31.5,30.5,0,10,26.5,4.16666666666667,1
51,31.5,31.5,0,1,30.308080580438,0,1
51,31.5,31.5,0,2,27.5,20.3125,1
51,31.5,31.5,0,3,30.308080580438,7.8125,1
51,31.5,31.5,0,4,27.5,21.3541666666667,1
51,31.5,31.5,0,5,27.5,23.4375,1
51,31.5,31.5,0,6,30.308080580438,3.125,1
51,31.5,31.5,0,7,27.5,7.8125,1
51,31.5,31.5,0,8,30.308080580438,2.08333333333333,1
51,31.5,31.5,0,9,27.5,10.9375,1
51,31.5,31.5,0,10,30.308080580438,0,1
51,31.5,32.5,0,1,31.8712434808091,3.125,1
51,31.5,32.5,0,2,28.5,30.7291666666667,1
51,31.5,32.5,0,3,28.5,20.3125,1
51,31.5,32.5,0,4,28.5,28.6458333333333,1
51,31.5,32.5,0,5,28.5,23.4375,1
51,31.5,32.5,0,6,31.8712434808091,0,1
51,31.5,32.5,0,7,31.8712434808091,0,1
51,31.5,32.5,0,8,31.8712434808091,4.16666666666667,1
51,31.5,32.5,0,9,31.8712434808091,2.08333333333333,1
51,31.5,32.5,0,10,28.5,16.1458333333333,1
51,31.5,33.5,0,1,32.5972652304388,13.0208333333333,1
51,31.5,33.5,0,2,32.5972652304388,10.9375,1
51,31.5,33.5,0,3,32.5972652304388,9.89583333333333,1
51,31.5,33.5,0,4,32.5972652304388,4.16666666666667,1
51,31.5,33.5,0,5,29.5,19.2708333333333,1
51,31.5,33.5,0,6,29.5,23.4375,1
51,31.5,33.5,0,7,29.5,9.89583333333333,1
51,31.5,33.5,0,8,32.5972652304388,2.08333333333333,1
51,31.5,33.5,0,9,29.5,11.9791666666667,1
51,31.5,33.5,0,10,29.5,22.3958333333333,1
51,31.5,29.5,1,1,37.5,0,1
51,31.5,29.5,1,2,36.426673702832,0,1
51,31.5,29.5,1,3,36.426673702832,0,1
51,31.5,29.5,1,4,37.5,11.9791666666667,1
51,31.5,29.5,1,5,36.426673702832,2.08333333333333,1
51,31.5,29.5,1,6,36.426673702832,2.08333333333333,1
51,31.5,29.5,1,7,36.426673702832,3.125,1
51,31.5,29.5,1,8,37.5,8.85416666666667,1
51,31.5,29.5,1,9,37.5,0,1
51,31.5,29.5,1,10,37.5,10.9375,1
51,31.5,30.5,1,1,38.5,0,1
51,31.5,30.5,1,2,32.5569712206608,0,1
51,31.5,30.5,1,3,38.5,10.9375,1
51,31.5,30.5,1,4,38.5,20.3125,1
51,31.5,30.5,1,5,32.5569712206608,0,1
51,31.5,30.5,1,6,38.5,3.125,1
51,31.5,30.5,1,7,32.5569712206608,0,1
51,31.5,30.5,1,8,32.5569712206608,0,1
51,31.5,30.5,1,9,32.5569712206608,0,1
51,31.5,30.5,1,10,38.5,11.9791666666667,1
51,31.5,31.5,1,1,33.2971842227033,0,1
51,31.5,31.5,1,2,33.2971842227033,8.85416666666667,1
51,31.5,31.5,1,3,39.5,18.2291666666667,1
51,31.5,31.5,1,4,39.5,19.2708333333333,1
51,31.5,31.5,1,5,39.5,20.3125,1
51,31.5,31.5,1,6,33.2971842227033,0,1
51,31.5,31.5,1,7,39.5,13.0208333333333,1
51,31.5,31.5,1,8,33.2971842227033,0,1
51,31.5,31.5,1,9,39.5,14.0625,1
51,31.5,31.5,1,10,33.2971842227033,0,1
51,31.5,32.5,1,1,40.5,22.9166666666667,1
51,31.5,32.5,1,2,33.7020735576062,3.125,1
51,31.5,32.5,1,3,33.7020735576062,0,1
51,31.5,32.5,1,4,40.5,27.6041666666667,1
51,31.5,32.5,1,5,40.5,31.7708333333333,1
51,31.5,32.5,1,6,33.7020735576062,0,1
51,31.5,32.5,1,7,40.5,14.0625,1
51,31.5,32.5,1,8,40.5,20.3125,1
51,31.5,32.5,1,9,33.7020735576062,0,1
51,31.5,32.5,1,10,33.7020735576062,0,1
51,31.5,33.5,1,1,41.5,23.4375,1
51,31.5,33.5,1,2,34.2112603187,8.85416666666667,1
51,31.5,33.5,1,3,41.5,18.2291666666667,1
51,31.5,33.5,1,4,34.2112603187,3.125,1
51,31.5,33.5,1,5,41.5,18.2291666666667,1
51,31.5,33.5,1,6,41.5,30.7291666666667,1
51,31.5,33.5,1,7,34.2112603187,0,1
51,31.5,33.5,1,8,34.2112603187,2.08333333333333,1
51,31.5,33.5,1,9,34.2112603187,0,1
51,31.5,33.5,1,10,41.5,17.1875,1
56,34.1,32.1,0,1,32.0662835316582,0,1
56,34.1,32.1,0,2,32.0662835316582,0,1
56,34.1,32.1,0,3,28.1,48.9583333333333,1
56,34.1,32.1,0,4,32.0662835316582,0,1
56,34.1,32.1,0,5,28.1,40.1041666666667,1
56,34.1,32.1,0,6,28.1,51.5625,1
56,34.1,32.1,0,7,32.0662835316582,0,1
56,34.1,32.1,0,8,28.1,40.1041666666667,1
56,34.1,32.1,0,9,28.1,41.1458333333333,1
56,34.1,32.1,0,10,32.0662835316582,0,1
56,34.1,33.1,0,1,33.0702522856723,0,1
56,34.1,33.1,0,2,29.1,51.5625,1
56,34.1,33.1,0,3,33.0702522856723,0,1
56,34.1,33.1,0,4,29.1,34.375,1
56,34.1,33.1,0,5,33.0702522856723,0,1
56,34.1,33.1,0,6,29.1,31.7708333333333,1
56,34.1,33.1,0,7,33.0702522856723,0,1
56,34.1,33.1,0,8,29.1,40.625,1
56,34.1,33.1,0,9,29.1,55.7291666666667,1
56,34.1,33.1,0,10,33.0702522856723,0,1
56,34.1,34.1,0,1,30.1,68.2291666666667,1
56,34.1,34.1,0,2,33.8420247615629,0,1
56,34.1,34.1,0,3,30.1,59.8958333333333,1
56,34.1,34.1,0,4,30.1,68.2291666666667,1
56,34.1,34.1,0,5,33.8420247615629,0,1
56,34.1,34.1,0,6,33.8420247615629,0,1
56,34.1,34.1,0,7,30.1,59.8958333333333,1
56,34.1,34.1,0,8,33.8420247615629,0,1
56,34.1,34.1,0,9,30.1,47.3958333333333,1
56,34.1,34.1,0,10,33.8420247615629,0,1
56,34.1,35.1,0,1,34.835142496903,0,1
56,34.1,35.1,0,2,31.1,60.9375,1
56,34.1,35.1,0,3,34.835142496903,0,1
56,34.1,35.1,0,4,31.1,52.0833333333333,1
56,34.1,35.1,0,5,31.1,63.0208333333333,1
56,34.1,35.1,0,6,34.835142496903,0,1
56,34.1,35.1,0,7,31.1,57.8125,1
56,34.1,35.1,0,8,34.835142496903,0,1
56,34.1,35.1,0,9,34.835142496903,0,1
56,34.1,35.1,0,10,31.1,51.5625,1
56,34.1,36.1,0,1,32.1,42.7083333333333,0
56,34.1,36.1,0,2,35.5999701284604,3.64583333333333,1
56,34.1,36.1,0,3,35.5999701284604,0,1
56,34.1,36.1,0,4,35.5999701284604,4.16666666666667,1
56,34.1,36.1,0,5,32.1,42.1875,1
56,34.1,36.1,0,6,35.5999701284604,0,1
56,34.1,36.1,0,7,32.1,36.9791666666667,1
56,34.1,36.1,0,8,32.1,47.3958333333333,1
56,34.1,36.1,0,9,35.5999701284604,0,1
56,34.1,36.1,0,10,32.1,47.3958333333333,1
56,34.1,32.1,1,1,33.5718314620039,4.6875,1
56,34.1,32.1,1,2,40.1,51.5625,1
56,34.1,32.1,1,3,33.5718314620039,0,1
56,34.1,32.1,1,4,40.1,44.7916666666667,1
56,34.1,32.1,1,5,33.5718314620039,0,1
56,34.1,32.1,1,6,40.1,36.9791666666667,1
56,34.1,32.1,1,7,40.1,47.9166666666667,1
56,34.1,32.1,1,8,33.5718314620039,0,1
56,34.1,32.1,1,9,40.1,46.3541666666667,1
56,34.1,32.1,1,10,33.5718314620039,0,1
56,34.1,33.1,1,1,41.1,52.0833333333333,1
56,34.1,33.1,1,2,34.0813090303218,0,1
56,34.1,33.1,1,3,41.1,44.2708333333333,1
56,34.1,33.1,1,4,34.0813090303218,0,1
56,34.1,33.1,1,5,41.1,31.7708333333333,1
56,34.1,33.1,1,6,41.1,61.9791666666667,1
56,34.1,33.1,1,7,41.1,49.4791666666667,1
56,34.1,33.1,1,8,34.0813090303218,0,1
56,34.1,33.1,1,9,34.0813090303218,0,1
56,34.1,33.1,1,10,34.0813090303218,0,1
56,34.1,34.1,1,1,34.8167498629859,5.72916666666667,1
56,34.1,34.1,1,2,42.1,52.0833333333333,1
56,34.1,34.1,1,3,34.8167498629859,0,1
56,34.1,34.1,1,4,34.8167498629859,0,1
56,34.1,34.1,1,5,34.8167498629859,5.72916666666667,1
56,34.1,34.1,1,6,42.1,33.8541666666667,1
56,34.1,34.1,1,7,42.1,52.6041666666667,1
56,34.1,34.1,1,8,42.1,33.8541666666667,1
56,34.1,34.1,1,9,34.8167498629859,0,1
56,34.1,34.1,1,10,42.1,42.1875,1
56,34.1,35.1,1,1,35.6093414508687,0,1
56,34.1,35.1,1,2,43.1,60.4166666666667,1
56,34.1,35.1,1,3,35.6093414508687,0,1
56,34.1,35.1,1,4,43.1,54.6875,1
56,34.1,35.1,1,5,43.1,59.8958333333333,1
56,34.1,35.1,1,6,35.6093414508687,0,1
56,34.1,35.1,1,7,35.6093414508687,0,1
56,34.1,35.1,1,8,35.6093414508687,0,1
56,34.1,35.1,1,9,43.1,22.3958333333333,1
56,34.1,35.1,1,10,43.1,44.7916666666667,1
56,34.1,36.1,1,1,44.1,68.2291666666667,1
56,34.1,36.1,1,2,36.3683804409501,5.72916666666667,1
56,34.1,36.1,1,3,44.1,41.1458333333333,1
56,34.1,36.1,1,4,44.1,75,1
56,34.1,36.1,1,5,44.1,36.9791666666667,1
56,34.1,36.1,1,6,44.1,50.5208333333333,1
56,34.1,36.1,1,7,36.3683804409501,0,1
56,34.1,36.1,1,8,36.3683804409501,0,1
56,34.1,36.1,1,9,36.3683804409501,0,1
56,34.1,36.1,1,10,36.3683804409501,0,1
61,29.9,27.9,0,1,27.3668151052141,0,1
61,29.9,27.9,0,2,23.9,2.08333333333333,1
61,29.9,27.9,0,3,27.3668151052141,2.08333333333333,1
61,29.9,27.9,0,4,23.9,2.08333333333333,1
61,29.9,27.9,0,5,27.3668151052141,0,1
61,29.9,27.9,0,6,27.3668151052141,0,1
61,29.9,27.9,0,7,23.9,2.08333333333333,1
61,29.9,27.9,0,8,23.9,3.125,1
61,29.9,27.9,0,9,23.9,2.08333333333333,1
61,29.9,27.9,0,10,27.3668151052141,0,1
61,29.9,28.9,0,1,24.9,3.125,1
61,29.9,28.9,0,2,24.9,4.16666666666667,1
61,29.9,28.9,0,3,27.5145580327681,1.04166666666667,1
61,29.9,28.9,0,4,27.5145580327681,0,1
61,29.9,28.9,0,5,24.9,3.125,1
61,29.9,28.9,0,6,27.5145580327681,4.16666666666667,1
61,29.9,28.9,0,7,24.9,3.125,1
61,29.9,28.9,0,8,24.9,3.125,1
61,29.9,28.9,0,9,27.5145580327681,1.04166666666667,1
61,29.9,28.9,0,10,27.5145580327681,0,1
61,29.9,29.9,0,1,25.9,5.20833333333333,1
61,29.9,29.9,0,2,25.9,3.125,1
61,29.9,29.9,0,3,25.9,2.08333333333333,1
61,29.9,29.9,0,4,29.0151871713439,1.04166666666667,1
61,29.9,29.9,0,5,25.9,1.04166666666667,1
61,29.9,29.9,0,6,29.0151871713439,3.125,1
61,29.9,29.9,0,7,25.9,2.08333333333333,1
61,29.9,29.9,0,8,29.0151871713439,3.125,1
61,29.9,29.9,0,9,29.0151871713439,0,1
61,29.9,29.9,0,10,29.0151871713439,0,1
61,29.9,30.9,0,1,30.6358341160353,2.08333333333333,1
61,29.9,30.9,0,2,26.9,5.20833333333333,1
61,29.9,30.9,0,3,26.9,3.125,1
61,29.9,30.9,0,4,30.6358341160353,1.04166666666667,1
61,29.9,30.9,0,5,30.6358341160353,2.08333333333333,1
61,29.9,30.9,0,6,26.9,1.04166666666667,1
61,29.9,30.9,0,7,30.6358341160353,2.08333333333333,1
61,29.9,30.9,0,8,26.9,3.125,1
61,29.9,30.9,0,9,30.6358341160353,0,1
61,29.9,30.9,0,10,26.9,2.08333333333333,1
61,29.9,31.9,0,1,27.9,3.125,1
61,29.9,31.9,0,2,31.0151871713439,1.04166666666667,1
61,29.9,31.9,0,3,27.9,2.08333333333333,1
61,29.9,31.9,0,4,27.9,4.6875,1
61,29.9,31.9,0,5,31.0151871713439,0,1
61,29.9,31.9,0,6,31.0151871713439,0,1
61,29.9,31.9,0,7,31.0151871713439,2.08333333333333,0
61,29.9,31.9,0,8,31.0151871713439,0,1
61,29.9,31.9,0,9,27.9,4.16666666666667,1
61,29.9,31.9,0,10,27.9,2.08333333333333,1
61,29.9,27.9,1,1,35.9,2.08333333333333,1
61,29.9,27.9,1,2,35.9,5.20833333333333,1
61,29.9,27.9,1,3,35.9,4.16666666666667,1
61,29.9,27.9,1,4,37.1507858760685,4.16666666666667,1
61,29.9,27.9,1,5,35.9,3.125,1
61,29.9,27.9,1,6,37.1507858760685,2.08333333333333,1
61,29.9,27.9,1,7,35.9,3.125,1
61,29.9,27.9,1,8,37.1507858760685,3.125,1
61,29.9,27.9,1,9,37.1507858760685,2.08333333333333,1
61,29.9,27.9,1,10,37.1507858760685,3.125,1
61,29.9,28.9,1,1,32.3556735541883,2.08333333333333,1
61,29.9,28.9,1,2,32.3556735541883,2.08333333333333,1
61,29.9,28.9,1,3,36.9,4.16666666666667,1
61,29.9,28.9,1,4,36.9,6.77083333333333,1
61,29.9,28.9,1,5,36.9,5.20833333333333,1
61,29.9,28.9,1,6,32.3556735541883,3.125,1
61,29.9,28.9,1,7,36.9,3.125,1
61,29.9,28.9,1,8,32.3556735541883,0,1
61,29.9,28.9,1,9,36.9,4.16666666666667,1
61,29.9,28.9,1,10,32.3556735541883,3.125,1
61,29.9,29.9,1,1,37.9,2.08333333333333,1
61,29.9,29.9,1,2,32.2813448628932,2.08333333333333,1
61,29.9,29.9,1,3,37.9,3.125,1
61,29.9,29.9,1,4,37.9,2.08333333333333,1
61,29.9,29.9,1,5,32.2813448628932,0,1
61,29.9,29.9,1,6,37.9,3.125,1
61,29.9,29.9,1,7,32.2813448628932,0,1
61,29.9,29.9,1,8,32.2813448628932,1.04166666666667,1
61,29.9,29.9,1,9,37.9,3.125,1
61,29.9,29.9,1,10,32.2813448628932,0,1
61,29.9,30.9,1,1,32.9238237089622,1.04166666666667,1
61,29.9,30.9,1,2,38.9,3.125,1
61,29.9,30.9,1,3,38.9,3.125,1
61,29.9,30.9,1,4,38.9,3.125,1
61,29.9,30.9,1,5,32.9238237089622,2.08333333333333,1
61,29.9,30.9,1,6,38.9,2.08333333333333,1
61,29.9,30.9,1,7,32.9238237089622,0,1
61,29.9,30.9,1,8,32.9238237089622,0,1
61,29.9,30.9,1,9,38.9,2.08333333333333,1
61,29.9,30.9,1,10,32.9238237089622,0,1
61,29.9,31.9,1,1,33.695679626823,4.16666666666667,1
61,29.9,31.9,1,2,33.695679626823,5.20833333333333,1
61,29.9,31.9,1,3,39.9,6.25,1
61,29.9,31.9,1,4,39.9,5.72916666666667,1
61,29.9,31.9,1,5,33.695679626823,0,1
61,29.9,31.9,1,6,39.9,4.16666666666667,1
61,29.9,31.9,1,7,39.9,5.20833333333333,1
61,29.9,31.9,1,8,33.695679626823,3.125,1
61,29.9,31.9,1,9,33.695679626823,0,1
61,29.9,31.9,1,10,39.9,2.08333333333333,1
