participant,baseline,adapting,task,trial,temperature,rating,confirmed,baseline_flag,target_flag,deviation_flag,recorded_temperature
1,31.2,30.2,0,1,27.7603700242709,43.2291666666667,1,0,0,0,27.7880434782609
1,31.2,30.2,0,2,27.7603700242709,29.6875,1,0,0,0,27.8282608695652
1,31.2,30.2,0,3,26.2,40.1041666666667,1,0,0,0,26.1770833333333
1,31.2,30.2,0,4,26.2,29.6875,1,0,0,0,26.179347826087
1,31.2,30.2,0,5,26.2,23.4375,1,0,0,0,26.1943181818182
1,31.2,30.2,0,6,27.7603700242709,9.89583333333333,1,0,0,0,27.8244680851064
1,31.2,30.2,0,7,26.2,23.4375,1,0,0,0,26.1880434782609
1,31.2,30.2,0,8,27.7603700242709,14.0625,1,0,0,0,27.8088888888889
1,31.2,30.2,0,9,26.2,17.1875,1,0,0,0,26.2
1,31.2,30.2,0,10,27.7603700242709,30.7291666666667,1,0,0,0,27.8072916666667
1,31.2,31.2,0,1,27.2,42.1875,1,0,0,0,27.1
1,31.2,31.2,0,2,27.2,51.5625,1,0,0,0,27.1
1,31.2,31.2,0,3,30.198815069864,0,1,0,0,0,30.2
1,31.2,31.2,0,4,30.198815069864,0,1,0,0,0,30.2
1,31.2,31.2,0,5,27.2,20.3125,1,0,0,0,27.1
1,31.2,31.2,0,6,30.198815069864,11.9791666666667,1,0,0,0,30.2
1,31.2,31.2,0,7,30.198815069864,0,1,0,0,0,30.2
1,31.2,31.2,0,8,30.198815069864,8.85416666666667,1,0,0,0,30.2
1,31.2,31.2,0,9,27.2,30.7291666666667,1,0,0,0,27.1
1,31.2,31.2,0,10,27.2,47.3958333333333,1,0,0,0,27.1
1,31.2,30.2,1,1,33.3435173143747,9.89583333333333,1,0,0,0,33.1955555555556
1,31.2,30.2,1,2,33.3435173143747,21.3541666666667,1,0,0,0,33.1891304347826
1,31.2,30.2,1,3,33.3435173143747,4.6875,1,0,0,0,33.2
1,31.2,30.2,1,4,38.2,32.8125,1,0,0,1,38.1021739130435
1,31.2,30.2,1,5,33.3435173143747,8.85416666666667,1,0,0,0,33.2
1,31.2,30.2,1,6,38.2,38.0208333333333,1,0,0,0,38.1133333333333
1,31.2,30.2,1,7,38.2,24.4791666666667,1,0,0,0,38.1152173913043
1,31.2,30.2,1,8,38.2,31.7708333333333,1,0,0,0,38.1163043478261
1,31.2,30.2,1,9,33.3435173143747,3.64583333333333,1,0,0,0,33.1847826086956
1,31.2,30.2,1,10,38.2,42.1875,1,0,0,0,38.1119565217391
1,31.2,31.2,1,1,34.8415613842286,45.3125,1,0,1,0,34.654347826087
1,31.2,31.2,1,2,34.8415613842286,6.77083333333333,1,0,1,0,34.64
1,31.2,31.2,1,3,34.8415613842286,25.5208333333333,1,0,0,0,34.6782608695652
1,31.2,31.2,1,4,39.2,43.2291666666667,1,0,0,0,39.0467391304348
1,31.2,31.2,1,5,34.8415613842286,31.7708333333333,1,0,0,0,34.6755555555555
1,31.2,31.2,1,6,39.2,44.2708333333333,1,0,0,0,39.0632653061225
1,31.2,31.2,1,7,39.2,42.1875,1,0,0,0,39.0863636363636
1,31.2,31.2,1,8,39.2,8.85416666666667,1,0,0,0,39.0648936170213
1,31.2,31.2,1,9,39.2,36.9791666666667,1,1,0,0,39.0911111111111
1,31.2,31.2,1,10,34.8415613842286,5.72916666666667,1,0,1,0,34.6554347826087
3,32,30,0,1,26,10.4166666666667,1,0,0,0,25.9
3,32,30,0,2,29.6724179423473,0,1,0,0,0,29.7
3,32,30,0,3,26,7.8125,1,0,0,0,25.9
3,32,30,0,4,26,15.1041666666667,1,0,0,0,25.9
3,32,30,0,5,26,4.16666666666667,1,0,0,0,25.9
3,32,30,0,6,29.6724179423473,1.04166666666667,1,0,0,0,29.7
3,32,30,0,7,29.6724179423473,0,1,0,0,0,29.7
3,32,30,0,8,29.6724179423473,1.04166666666667,1,0,0,0,29.7
3,32,30,0,9,29.6724179423473,0,1,0,0,0,29.7
3,32,30,0,10,26,5.20833333333333,1,0,0,0,25.9
3,32,31,0,1,30.7420247615629,1.04166666666667,1,0,0,0,30.7
3,32,31,0,2,30.7420247615629,0,1,0,0,0,30.7
3,32,31,0,3,27,33.8541666666667,1,0,0,0,26.9
3,32,31,0,4,27,31.25,1,0,0,0,26.9
3,32,31,0,5,27,28.6458333333333,1,0,0,0,26.9
3,32,31,0,6,30.7420247615629,2.60416666666667,1,0,0,0,30.7
3,32,31,0,7,27,11.9791666666667,1,0,0,0,26.9
3,32,31,0,8,30.7420247615629,1.04166666666667,1,0,0,0,30.7
3,32,31,0,9,27,7.8125,1,0,0,0,26.9
3,32,31,0,10,30.7420247615629,2.60416666666667,1,0,0,0,30.7
3,32,34,0,1,30,41.1458333333333,1,0,0,0,29.9113636363636
3,32,34,0,2,33.5136330979591,1.5625,1,1,0,0,33.5
3,32,34,0,3,30,35.4166666666667,1,0,0,0,29.9141304347826
3,32,34,0,4,30,38.5416666666667,1,1,0,0,29.9
3,32,34,0,5,33.5136330979591,0,1,1,0,0,33.5
3,32,34,0,6,33.5136330979591,0,1,0,0,0,33.5
3,32,34,0,7,30,11.9791666666667,1,0,0,0,29.9144444444444
3,32,34,0,8,33.5136330979591,0,1,1,0,0,33.5
3,32,34,0,9,33.5136330979591,0,1,0,0,0,33.5
3,32,34,0,10,30,6.77083333333333,1,0,0,0,29.9
3,32,30,1,1,33.5699393121336,8.33333333333333,1,0,0,0,33.4702127659574
3,32,30,1,2,33.5699393121336,0,1,0,0,0,33.4944444444444
3,32,30,1,3,38,11.4583333333333,1,0,0,0,37.8808510638298
3,32,30,1,4,38,19.2708333333333,1,0,0,0,37.8488636363636
3,32,30,1,5,38,9.89583333333333,1,0,0,0,37.8826086956522
3,32,30,1,6,33.5699393121336,0,1,0,0,0,33.4967391304348
3,32,30,1,7,33.5699393121336,0,1,0,0,0,33.5
3,32,30,1,8,38,2.60416666666667,1,0,0,0,37.8744444444444
3,32,30,1,9,33.5699393121336,0,1,0,0,0,33.5
3,32,30,1,10,38,3.64583333333333,1,0,0,0,37.8772727272727
3,32,31,1,1,34.0835187476406,3.64583333333333,1,0,0,0,34
3,32,31,1,2,34.0835187476406,4.6875,1,0,0,0,33.9944444444444
3,32,31,1,3,34.0835187476406,2.60416666666667,1,0,0,0,34
3,32,31,1,4,39,10.9375,1,0,0,0,38.8711111111111
3,32,31,1,5,34.0835187476406,4.6875,1,0,0,0,34
3,32,31,1,6,39,9.89583333333333,1,0,0,0,38.8793478260869
3,32,31,1,7,39,18.2291666666667,1,1,0,0,38.8869565217391
3,32,31,1,8,39,15.1041666666667,1,0,0,0,38.8813953488372
3,32,31,1,9,34.0835187476406,1.5625,1,0,0,0,34
3,32,31,1,10,39,6.77083333333333,1,0,0,0,38.8806818181818
3,32,34,1,1,35.0476218228634,0,1,0,0,0,34.9
3,32,34,1,2,35.0476218228634,1.5625,1,0,0,0,34.9
3,32,34,1,3,35.0476218228634,4.6875,1,0,0,0,34.9
3,32,34,1,4,35.0476218228634,5.72916666666667,1,0,0,0,34.9
3,32,34,1,5,42,23.4375,1,0,0,0,41.8977777777778
3,32,34,1,6,42,32.8125,1,0,0,0,41.8322222222222
3,32,34,1,7,42,27.6041666666667,1,0,0,0,41.9
3,32,34,1,8,35.0476218228634,2.60416666666667,1,0,0,0,34.9
3,32,34,1,9,42,7.29166666666667,1,0,0,0,41.9
3,32,34,1,10,42,10.9375,1,0,0,0,41.8326086956522
4,32.5,30.5,0,1,29.2832814704661,10.9375,1,0,0,0,29.2787234042553
4,32.5,30.5,0,2,26.5,58.8541666666667,1,0,0,0,26.4
4,32.5,30.5,0,3,29.2832814704661,19.2708333333333,1,0,0,0,29.3
4,32.5,30.5,0,4,29.2832814704661,0,1,0,0,0,29.3
4,32.5,30.5,0,5,29.2832814704661,13.0208333333333,1,0,0,0,29.3
4,32.5,30.5,0,6,26.5,27.6041666666667,1,0,0,0,26.4
4,32.5,30.5,0,7,26.5,75,1,0,0,0,26.404347826087
4,32.5,30.5,0,8,29.2832814704661,0,1,0,0,0,29.3
4,32.5,30.5,0,9,26.5,31.7708333333333,1,0,0,0,26.4108695652174
4,32.5,30.5,0,10,26.5,34.8958333333333,1,0,0,0,26.4
4,32.5,31.5,0,1,28.96441577084,50.5208333333333,1,0,0,0,29
4,32.5,31.5,0,2,27.5,35.9375,1,0,0,0,27.4
4,32.5,31.5,0,3,28.96441577084,26.5625,1,0,0,0,29
4,32.5,31.5,0,4,27.5,50.5208333333333,1,0,0,0,27.4
4,32.5,31.5,0,5,28.96441577084,53.6458333333333,1,0,0,0,29
4,32.5,31.5,0,6,27.5,0,1,0,0,0,27.4
4,32.5,31.5,0,7,28.96441577084,44.2708333333333,1,0,0,0,29
4,32.5,31.5,0,8,27.5,19.2708333333333,1,0,0,0,27.4
4,32.5,31.5,0,9,28.96441577084,20.3125,1,0,0,0,29
4,32.5,31.5,0,10,27.5,31.7708333333333,1,0,0,0,27.4
4,32.5,32.5,0,1,28.5,42.1875,1,1,0,0,28.4
4,32.5,32.5,0,2,31.0497631852719,11.9791666666667,1,1,0,0,31
4,32.5,32.5,0,3,28.5,46.3541666666667,1,1,0,0,28.4
4,32.5,32.5,0,4,31.0497631852719,20.3125,1,1,0,0,31
4,32.5,32.5,0,5,31.0497631852719,2.60416666666667,1,1,0,0,31
4,32.5,32.5,0,6,28.5,26.5625,1,1,0,0,28.4
4,32.5,32.5,0,7,28.5,22.3958333333333,1,1,0,0,28.4
4,32.5,32.5,0,8,31.0497631852719,6.25,1,1,0,0,31
4,32.5,32.5,0,9,31.0497631852719,2.60416666666667,1,1,0,0,31
4,32.5,32.5,0,10,28.5,15.1041666666667,1,1,0,0,28.4
4,32.5,33.5,0,1,29.5,78.6458333333333,1,1,0,0,29.4
4,32.5,33.5,0,2,32.5062769861067,0.520833333333333,1,1,0,0,32.5
4,32.5,33.5,0,3,29.5,50.5208333333333,1,1,0,0,29.4
4,32.5,33.5,0,4,32.5062769861067,8.85416666666667,1,1,0,0,32.5
4,32.5,33.5,0,5,29.5,21.3541666666667,1,1,0,0,29.4
4,32.5,33.5,0,6,29.5,50.5208333333333,1,1,0,0,29.4
4,32.5,33.5,0,7,32.5062769861067,0,1,1,0,0,32.5
4,32.5,33.5,0,8,32.5062769861067,0,1,1,0,0,32.5
4,32.5,33.5,0,9,29.5,32.8125,1,1,0,0,29.4
4,32.5,33.5,0,10,32.5062769861067,2.60416666666667,1,1,0,0,32.5
4,32.5,34.5,0,1,33.0386265529328,18.2291666666667,1,1,0,0,33
4,32.5,34.5,0,2,30.5,47.3958333333333,1,1,0,0,30.4
4,32.5,34.5,0,3,33.0386265529328,14.0625,1,1,0,0,33
4,32.5,34.5,0,4,30.5,51.5625,1,1,0,0,30.4
4,32.5,34.5,0,5,30.5,72.3958333333333,1,1,0,0,30.4133333333333
4,32.5,34.5,0,6,30.5,49.4791666666667,1,1,0,0,30.4
4,32.5,34.5,0,7,33.0386265529328,13.0208333333333,1,1,0,0,33
4,32.5,34.5,0,8,33.0386265529328,2.60416666666667,1,1,0,0,33
4,32.5,34.5,0,9,30.5,42.1875,1,1,0,0,30.4122222222222
4,32.5,34.5,0,10,33.0386265529328,3.64583333333333,1,1,0,0,33
4,32.5,30.5,1,1,38.5,50.5208333333333,1,0,0,0,38.3633333333333
4,32.5,30.5,1,2,38.5,26.5625,1,1,0,0,38.3166666666667
4,32.5,30.5,1,3,34.7048872354249,0,1,1,0,0,34.5975609756097
4,32.5,30.5,1,4,38.5,20.3125,1,0,0,0,38.34
4,32.5,30.5,1,5,34.7048872354249,7.8125,1,0,0,0,34.5880434782609
4,32.5,30.5,1,6,34.7048872354249,0,1,0,0,0,34.5836956521739
4,32.5,30.5,1,7,34.7048872354249,7.8125,1,0,0,0,34.5923913043478
4,32.5,30.5,1,8,38.5,45.3125,1,0,0,0,38.3380434782609
4,32.5,30.5,1,9,38.5,29.6875,1,1,0,0,38.35
4,32.5,30.5,1,10,34.7048872354249,0,1,1,0,0,34.5847826086957
4,32.5,31.5,1,1,39.5,52.6041666666667,1,0,0,0,39.3695652173913
4,32.5,31.5,1,2,36.3577212794539,10.9375,1,1,0,0,36.2
4,32.5,31.5,1,3,39.5,48.4375,1,0,0,0,39.3891304347826
4,32.5,31.5,1,4,39.5,24.4791666666667,1,0,0,0,39.3304347826087
4,32.5,31.5,1,5,36.3577212794539,15.1041666666667,1,1,0,0,36.2914893617021
4,32.5,31.5,1,6,39.5,13.0208333333333,1,0,0,0,39.3608695652174
4,32.5,31.5,1,7,36.3577212794539,2.60416666666667,1,1,0,0,36.2858695652174
4,32.5,31.5,1,8,39.5,19.2708333333333,1,0,0,0,39.3659574468085
4,32.5,31.5,1,9,36.3577212794539,6.77083333333333,1,1,0,0,36.286170212766
4,32.5,31.5,1,10,36.3577212794539,0,1,0,0,0,36.2847826086957
4,32.5,32.5,1,1,40.5,58.8541666666667,1,1,0,0,40.378125
4,32.5,32.5,1,2,40.5,15.1041666666667,1,1,0,0,40.3056818181818
4,32.5,32.5,1,3,35.0792075641644,0,1,1,0,0,34.9644444444444
4,32.5,32.5,1,4,40.5,44.2708333333333,1,0,0,0,40.3431818181818
4,32.5,32.5,1,5,40.5,57.8125,1,1,0,0,40.3722222222222
4,32.5,32.5,1,6,35.0792075641644,0,1,1,0,0,34.920652173913
4,32.5,32.5,1,7,35.0792075641644,0,1,0,0,0,34.9913043478261
4,32.5,32.5,1,8,40.5,33.8541666666667,1,0,0,0,40.3318181818182
4,32.5,32.5,1,9,35.0792075641644,0,1,1,0,0,34.94375
4,32.5,32.5,1,10,35.0792075641644,0,1,0,0,0,34.9402173913043
4,32.5,33.5,1,1,41.5,47.3958333333333,1,1,0,0,41.3565217391304
4,32.5,33.5,1,2,41.5,35.9375,1,1,1,0,41.3
4,32.5,33.5,1,3,36.6112509472093,5.72916666666667,1,1,1,0,36.4554347826087
4,32.5,33.5,1,4,36.6112509472093,3.64583333333333,1,1,1,0,36.4044444444444
4,32.5,33.5,1,5,36.6112509472093,4.6875,1,1,1,0,36.45
4,32.5,33.5,1,6,41.5,47.3958333333333,1,1,0,0,41.325
4,32.5,33.5,1,7,41.5,50.5208333333333,1,1,0,0,41.3411111111111
4,32.5,33.5,1,8,41.5,29.6875,1,1,0,0,41.3308510638298
4,32.5,33.5,1,9,36.6112509472093,1.5625,1,1,0,0,36.4882978723404
4,32.5,33.5,1,10,36.6112509472093,0,1,1,1,0,36.4239130434783
4,32.5,34.5,1,1,42.5,58.8541666666667,1,1,0,0,42.3455555555556
4,32.5,34.5,1,2,42.5,61.9791666666667,1,1,0,0,42.3
4,32.5,34.5,1,3,36.1234260324326,2.08333333333333,1,1,1,0,35.95
4,32.5,34.5,1,4,36.1234260324326,0,1,1,1,0,35.9
4,32.5,34.5,1,5,42.5,38.0208333333333,1,1,0,0,42.3791666666667
4,32.5,34.5,1,6,36.1234260324326,0,1,1,1,0,35.9
4,32.5,34.5,1,7,36.1234260324326,3.64583333333333,1,1,1,0,35.95
4,32.5,34.5,1,8,42.5,54.6875,1,1,0,0,42.3
4,32.5,34.5,1,9,36.1234260324326,0.520833333333333,1,1,1,0,35.9404255319149
4,32.5,34.5,1,10,42.5,35.9375,1,1,0,0,42.3354166666667
8,32,30,0,1,29.4408289336999,6.77083333333333,1,0,0,0,29.4
8,32,30,0,2,29.4408289336999,0,1,0,0,0,29.4
8,32,30,0,3,26,32.8125,1,0,0,0,25.9
8,32,30,0,4,29.4408289336999,0,1,0,0,0,29.4
8,32,30,0,5,26,26.5625,1,0,0,0,25.9
8,32,30,0,6,26,51.5625,1,0,0,0,25.9
8,32,30,0,7,29.4408289336999,0,1,0,0,0,29.4
8,32,30,0,8,26,13.0208333333333,1,0,0,0,25.9
8,32,30,0,9,26,29.6875,1,0,0,0,25.9
8,32,30,0,10,29.4408289336999,0,1,0,0,0,29.4
8,32,31,0,1,30.6055672550654,0,1,0,0,0,30.6
8,32,31,0,2,27,48.4375,1,0,0,0,26.9
8,32,31,0,3,30.6055672550654,0,1,0,0,0,30.6
8,32,31,0,4,30.6055672550654,0,1,0,0,0,30.6
8,32,31,0,5,27,15.1041666666667,1,0,0,0,26.9
8,32,31,0,6,27,54.6875,1,0,0,0,26.9
8,32,31,0,7,27,13.0208333333333,1,0,0,0,26.9
8,32,31,0,8,30.6055672550654,0,1,0,0,0,30.6
8,32,31,0,9,27,6.25,1,0,0,0,26.9
8,32,31,0,10,30.6055672550654,0,1,0,0,0,30.6
8,32,32,0,1,28,55.7291666666667,1,0,0,0,27.9
8,32,32,0,2,31.5663718226862,0,1,0,0,0,31.6
8,32,32,0,3,28,43.2291666666667,1,0,0,0,27.9
8,32,32,0,4,28,51.5625,1,0,0,0,27.9
8,32,32,0,5,31.5663718226862,0,1,0,0,0,31.6
8,32,32,0,6,28,48.4375,1,0,0,0,27.9
8,32,32,0,7,31.5663718226862,0,1,0,0,0,31.6
8,32,32,0,8,31.5663718226862,0,1,0,0,0,31.6
8,32,32,0,9,28,57.2916666666667,1,0,0,0,27.9
8,32,32,0,10,31.5663718226862,0,1,0,0,0,31.6
8,32,34,0,1,33.7180364203572,0,1,0,0,0,33.7
8,32,34,0,2,30,24.4791666666667,1,0,0,0,29.9
8,32,34,0,3,30,21.3541666666667,1,1,0,0,29.9
8,32,34,0,4,30,27.6041666666667,1,1,0,0,29.9
8,32,34,0,5,33.7180364203572,0,1,1,0,0,33.7
8,32,34,0,6,30,22.3958333333333,1,0,0,0,29.9
8,32,34,0,7,33.7180364203572,0,1,1,0,0,33.7
8,32,34,0,8,33.7180364203572,0,1,1,0,0,33.7
8,32,34,0,9,33.7180364203572,0,1,0,0,0,33.7
8,32,34,0,10,30,15.1041666666667,1,0,0,0,29.9
8,32,30,1,1,33.2541471730491,29.6875,1,0,0,0,33.2
8,32,30,1,2,33.2541471730491,7.8125,1,0,0,0,33.2
8,32,30,1,3,38,49.4791666666667,1,0,0,0,37.9
8,32,30,1,4,38,49.4791666666667,1,1,0,0,37.8977777777778
8,32,30,1,5,33.2541471730491,0,1,1,0,0,33.2
8,32,30,1,6,38,19.2708333333333,1,0,0,0,37.9
8,32,30,1,7,38,7.8125,1,1,0,0,37.9
8,32,30,1,8,33.2541471730491,0,1,1,0,0,33.2
8,32,30,1,9,33.2541471730491,0,1,0,0,0,33.2
8,32,30,1,10,38,25.5208333333333,1,0,0,0,37.9
8,32,31,1,1,39,61.9791666666667,1,0,0,0,38.9
8,32,31,1,2,32.9068289068208,9.89583333333333,1,0,0,0,32.8
8,32,31,1,3,39,42.1875,1,0,0,0,38.9
8,32,31,1,4,32.9068289068208,0,1,1,0,0,32.8
8,32,31,1,5,32.9068289068208,0,1,0,0,0,32.8
8,32,31,1,6,39,48.4375,1,0,0,0,38.8965909090909
8,32,31,1,7,32.9068289068208,0,1,1,0,0,32.8
8,32,31,1,8,32.9068289068208,0,1,0,0,0,32.8
8,32,31,1,9,39,41.1458333333333,1,0,0,0,38.9
8,32,31,1,10,39,48.9583333333333,1,1,0,0,38.9
8,32,32,1,1,40,53.6458333333333,1,0,0,0,39.8988372093024
8,32,32,1,2,33.5781070966781,0,1,1,0,0,33.5
8,32,32,1,3,33.5781070966781,0,1,0,0,0,33.5
8,32,32,1,4,40,44.2708333333333,1,0,0,0,39.8965909090909
8,32,32,1,5,33.5781070966781,0,1,1,0,0,33.5
8,32,32,1,6,40,44.2708333333333,1,0,0,0,39.9
8,32,32,1,7,40,50.5208333333333,1,1,0,0,39.8977777777778
8,32,32,1,8,40,34.8958333333333,1,1,0,0,39.9
8,32,32,1,9,33.5781070966781,0,1,1,0,0,33.5
8,32,32,1,10,33.5781070966781,0,1,0,0,0,33.5
8,32,34,1,1,42,0,1,0,0,0,41.8967391304348
8,32,34,1,2,34.7051861609122,0,1,1,0,0,34.6
8,32,34,1,3,42,21.3541666666667,1,0,0,0,41.9
8,32,34,1,4,34.7051861609122,0,1,1,0,0,34.6
8,32,34,1,5,42,21.3541666666667,1,0,0,0,41.9
8,32,34,1,6,42,42.1875,1,0,0,0,41.8847826086956
8,32,34,1,7,42,19.2708333333333,1,0,0,0,41.9
8,32,34,1,8,34.7051861609122,0,1,1,0,0,34.6
8,32,34,1,9,34.7051861609122,0,1,0,0,0,34.6
8,32,34,1,10,34.7051861609122,0,1,0,0,0,34.6
12,32,30,0,1,26,8.33333333333333,1,0,0,0,25.9
12,32,30,0,2,26,5.72916666666667,1,0,0,0,25.9
12,32,30,0,3,29.9844862392522,0,1,0,0,0,29.9711111111111
12,32,30,0,4,26,5.72916666666667,1,0,0,0,25.9
12,32,30,0,5,26,3.64583333333333,1,0,0,0,25.9
12,32,30,0,6,29.9844862392522,0,1,0,0,0,29.9195652173913
12,32,30,0,7,29.9844862392522,0,1,0,0,0,29.9
12,32,30,0,8,29.9844862392522,0,1,0,0,0,30
12,32,30,0,9,29.9844862392522,0,1,0,0,0,29.9617021276596
12,32,30,0,10,26,6.77083333333333,1,0,0,0,25.9
12,32,31,0,1,27,3.64583333333333,1,0,0,0,26.9
12,32,31,0,2,30.8003339692479,0,1,0,0,0,30.8
12,32,31,0,3,27,3.64583333333333,1,0,0,0,26.9
12,32,31,0,4,27,8.85416666666667,1,0,0,0,26.9
12,32,31,0,5,27,6.77083333333333,1,0,0,0,26.9
12,32,31,0,6,30.8003339692479,0,1,0,0,0,30.8
12,32,31,0,7,30.8003339692479,0,1,0,0,0,30.8
12,32,31,0,8,27,9.89583333333333,1,0,0,0,26.9
12,32,31,0,9,30.8003339692479,0,1,0,0,0,30.8
12,32,31,0,10,30.8003339692479,0,1,0,0,0,30.8265306122449
12,32,32,0,1,31.9844862392522,0,1,0,0,0,32
12,32,32,0,2,31.9844862392522,0,1,0,0,0,31.95
12,32,32,0,3,28,7.8125,1,0,0,0,27.9
12,32,32,0,4,31.9844862392522,0,1,0,0,0,31.9595744680851
12,32,32,0,5,28,6.25,1,0,0,0,27.9184782608696
12,32,32,0,6,28,12.5,1,0,0,0,27.9
12,32,32,0,7,31.9844862392522,0,1,0,0,0,31.9
12,32,32,0,8,28,4.6875,1,0,0,0,27.9
12,32,32,0,9,28,8.33333333333333,1,0,0,0,27.9
12,32,32,0,10,31.9844862392522,0,1,0,0,0,31.85
12,32,33,0,1,29,13.0208333333333,1,0,0,0,28.9
12,32,33,0,2,32.7278569136079,0,1,1,0,0,32.7
12,32,33,0,3,32.7278569136079,0,1,0,0,0,32.7
12,32,33,0,4,29,7.8125,1,0,0,0,28.9
12,32,33,0,5,32.7278569136079,0,1,1,0,0,32.7
12,32,33,0,6,32.7278569136079,0,1,0,0,0,32.7
12,32,33,0,7,29,8.85416666666667,1,0,0,0,28.9
12,32,33,0,8,32.7278569136079,0,1,1,0,0,32.7
12,32,33,0,9,29,5.72916666666667,1,0,0,0,28.9
12,32,33,0,10,29,11.4583333333333,1,1,0,0,28.9
12,32,34,0,1,33.7386178831929,0,1,0,0,0,33.7
12,32,34,0,2,30,18.2291666666667,1,0,0,0,29.9
12,32,34,0,3,30,20.8333333333333,1,1,0,0,29.9
12,32,34,0,4,33.7386178831929,0,1,1,0,0,33.7
12,32,34,0,5,30,11.9791666666667,1,0,0,0,29.9
12,32,34,0,6,30,17.1875,1,1,0,0,29.9
12,32,34,0,7,33.7386178831929,0,1,1,0,0,33.7
12,32,34,0,8,33.7386178831929,0,1,1,0,0,33.7
12,32,34,0,9,30,9.89583333333333,1,1,0,0,29.9
12,32,34,0,10,33.7386178831929,0,1,1,0,0,33.7
12,32,30,1,1,38,6.77083333333333,1,0,0,0,37.8880434782609
12,32,30,1,2,32.7265308784159,5.20833333333333,1,1,1,0,32.52
12,32,30,1,3,32.7265308784159,1.5625,1,0,1,0,32.5586956521739
12,32,30,1,4,38,8.85416666666667,1,0,0,0,37.85
12,32,30,1,5,32.7265308784159,0,1,1,0,0,32.5944444444444
12,32,30,1,6,38,6.77083333333333,1,0,0,0,37.8825581395349
12,32,30,1,7,38,5.72916666666667,1,0,0,0,37.9032608695652
12,32,30,1,8,32.7265308784159,0,1,1,1,0,32.55
12,32,30,1,9,32.7265308784159,2.60416666666667,1,0,0,0,32.6
12,32,30,1,10,38,6.77083333333333,1,0,0,0,37.8777777777778
12,32,31,1,1,39,6.77083333333333,1,0,0,0,38.8847826086956
12,32,31,1,2,32.5769936029355,3.125,1,1,0,0,32.4425531914894
12,32,31,1,3,39,4.6875,1,0,0,0,38.89
12,32,31,1,4,39,3.64583333333333,1,1,0,0,38.8423913043478
12,32,31,1,5,32.5769936029355,0,1,0,0,0,32.5
12,32,31,1,6,39,2.60416666666667,1,0,0,0,38.8723404255319
12,32,31,1,7,39,1.5625,1,1,0,0,38.8866666666667
12,32,31,1,8,32.5769936029355,0,1,1,0,0,32.5
12,32,31,1,9,32.5769936029355,0,1,0,0,0,32.5
12,32,31,1,10,32.5769936029355,0,1,0,0,0,32.4815217391304
12,32,32,1,1,33.4629785312244,0,1,0,0,0,33.35
12,32,32,1,2,40,7.8125,1,0,0,0,39.8166666666667
12,32,32,1,3,33.4629785312244,0,1,1,0,0,33.3576086956522
12,32,32,1,4,33.4629785312244,0,1,0,0,0,33.4
12,32,32,1,5,40,8.85416666666667,1,0,0,0,39.8466666666667
12,32,32,1,6,40,6.25,1,1,0,0,39.8122222222222
12,32,32,1,7,33.4629785312244,0,1,0,0,0,33.4
12,32,32,1,8,40,5.72916666666667,1,0,0,0,39.8311111111111
12,32,32,1,9,40,4.6875,1,1,0,0,39.8635416666667
12,32,32,1,10,33.4629785312244,0,1,1,0,0,33.4
12,32,33,1,1,41,10.4166666666667,1,0,0,0,40.8532608695652
12,32,33,1,2,41,14.0625,1,0,0,0,40.8329545454545
12,32,33,1,3,34.5476343329741,0,1,0,0,0,34.3989130434783
12,32,33,1,4,34.5476343329741,0,1,0,0,0,34.3944444444444
12,32,33,1,5,34.5476343329741,0,1,0,1,0,34.35
12,32,33,1,6,34.5476343329741,2.60416666666667,1,0,1,0,34.35
12,32,33,1,7,34.5476343329741,0,1,0,0,0,34.3760416666667
12,32,33,1,8,41,8.85416666666667,1,0,0,0,40.8329787234043
12,32,33,1,9,41,4.6875,1,1,0,0,40.8555555555555
12,32,33,1,10,41,4.16666666666667,1,1,0,0,40.8597826086956
12,32,34,1,1,42,11.9791666666667,1,0,0,0,41.8729166666667
12,32,34,1,2,35.3488460914882,9.89583333333333,1,0,1,0,35.1311111111111
12,32,34,1,3,42,4.6875,1,0,0,0,41.8829787234042
12,32,34,1,4,42,16.1458333333333,1,1,0,0,41.829347826087
12,32,34,1,5,35.3488460914882,0,1,0,0,0,35.2
12,32,34,1,6,42,9.89583333333333,1,0,0,0,41.8611111111111
12,32,34,1,7,42,3.64583333333333,1,0,0,0,41.8771739130435
12,32,34,1,8,35.3488460914882,2.60416666666667,1,1,0,0,35.2
12,32,34,1,9,35.3488460914882,0,1,0,0,0,35.2
12,32,34,1,10,35.3488460914882,0,1,0,1,0,35.1608695652174
22,31.4,29.4,0,1,25.4,35.9375,1,0,0,0,25.3
22,31.4,29.4,0,2,25.4,29.1666666666667,1,0,0,0,25.3
22,31.4,29.4,0,3,29.3842426940874,0,1,0,0,0,29.4
22,31.4,29.4,0,4,29.3842426940874,0,1,0,0,0,29.4
22,31.4,29.4,0,5,29.3842426940874,0,1,0,0,0,29.4
22,31.4,29.4,0,6,25.4,13.0208333333333,1,0,0,0,25.3
22,31.4,29.4,0,7,29.3842426940874,0,1,0,0,0,29.4
22,31.4,29.4,0,8,25.4,8.33333333333333,1,0,0,0,25.3148936170213
22,31.4,29.4,0,9,25.4,11.9791666666667,1,0,0,0,25.3
22,31.4,29.4,0,10,29.3842426940874,0,1,0,0,0,29.3
22,31.4,30.4,0,1,26.4,27.6041666666667,1,0,0,0,26.3
22,31.4,30.4,0,2,26.4,24.4791666666667,1,0,0,0,26.3045454545455
22,31.4,30.4,0,3,26.4,15.1041666666667,1,0,0,0,26.3
22,31.4,30.4,0,4,26.4,11.9791666666667,1,0,0,0,26.3326086956522
22,31.4,30.4,0,5,30.2469887478354,0,1,0,0,0,30.2
22,31.4,30.4,0,6,30.2469887478354,0,1,0,0,0,30.2
22,31.4,30.4,0,7,30.2469887478354,2.08333333333333,1,0,0,0,30.2
22,31.4,30.4,0,8,30.2469887478354,0,1,0,0,0,30.2
22,31.4,30.4,0,9,30.2469887478354,0,1,0,0,0,30.2
22,31.4,30.4,0,10,26.4,9.89583333333333,1,0,0,0,26.3086956521739
22,31.4,31.4,0,1,27.4,20.3125,1,0,0,0,27.3
22,31.4,31.4,0,2,30.9013730674382,0,1,0,0,0,30.9
22,31.4,31.4,0,3,30.9013730674382,2.08333333333333,1,0,0,0,30.9
22,31.4,31.4,0,4,30.9013730674382,4.16666666666667,1,0,0,0,30.9
22,31.4,31.4,0,5,27.4,12.5,1,0,0,0,27.3
22,31.4,31.4,0,6,27.4,19.2708333333333,1,0,0,0,27.3
22,31.4,31.4,0,7,27.4,8.85416666666667,1,0,0,0,27.3
22,31.4,31.4,0,8,30.9013730674382,0,1,0,0,0,30.9
22,31.4,31.4,0,9,30.9013730674382,0,1,0,0,0,30.9
22,31.4,31.4,0,10,27.4,6.77083333333333,1,0,0,0,27.3
22,31.4,32.4,0,1,31.8088492677524,2.08333333333333,1,0,0,0,31.8
22,31.4,32.4,0,2,28.4,21.3541666666667,1,0,0,0,28.3
22,31.4,32.4,0,3,28.4,30.7291666666667,1,0,0,0,28.3
22,31.4,32.4,0,4,28.4,19.2708333333333,1,0,0,0,28.3
22,31.4,32.4,0,5,31.8088492677524,0,1,0,0,0,31.8
22,31.4,32.4,0,6,28.4,11.9791666666667,1,0,0,0,28.3
22,31.4,32.4,0,7,28.4,8.33333333333333,1,0,0,0,28.3
22,31.4,32.4,0,8,31.8088492677524,0,1,0,0,0,31.8
22,31.4,32.4,0,9,31.8088492677524,0,1,0,0,0,31.8
22,31.4,32.4,0,10,31.8088492677524,0,1,0,0,0,31.8
22,31.4,33.4,0,1,33.229848747295,1.04166666666667,1,0,0,0,33.2
22,31.4,33.4,0,2,29.4,21.875,1,0,0,0,29.3
22,31.4,33.4,0,3,29.4,24.4791666666667,1,0,0,0,29.3
22,31.4,33.4,0,4,33.229848747295,0,1,0,0,0,33.2
22,31.4,33.4,0,5,33.229848747295,1.04166666666667,1,0,0,0,33.2
22,31.4,33.4,0,6,29.4,7.29166666666667,1,0,0,0,29.3
22,31.4,33.4,0,7,29.4,10.9375,1,0,0,0,29.3
22,31.4,33.4,0,8,33.229848747295,0,1,0,0,0,33.2
22,31.4,33.4,0,9,33.229848747295,0,1,0,0,0,33.2
22,31.4,33.4,0,10,29.4,5.72916666666667,1,0,0,0,29.3
22,31.4,29.4,1,1,34.7456460532723,0,1,0,0,0,34.6
22,31.4,29.4,1,2,34.7456460532723,9.89583333333333,1,0,1,0,34.55
22,31.4,29.4,1,3,37.4,7.8125,1,0,0,0,37.2967391304348
22,31.4,29.4,1,4,37.4,15.1041666666667,1,1,0,0,37.2467391304348
22,31.4,29.4,1,5,37.4,2.08333333333333,1,1,0,0,37.3
22,31.4,29.4,1,6,37.4,10.9375,1,1,0,0,37.2521276595745
22,31.4,29.4,1,7,34.7456460532723,0,1,0,0,0,34.6
22,31.4,29.4,1,8,34.7456460532723,1.04166666666667,1,0,0,0,34.5913043478261
22,31.4,29.4,1,9,37.4,8.85416666666667,1,0,0,0,37.3
22,31.4,29.4,1,10,34.7456460532723,6.25,1,1,1,0,34.5588888888889
22,31.4,30.4,1,1,34.954714757244,2.08333333333333,1,0,0,0,34.9
22,31.4,30.4,1,2,34.954714757244,5.72916666666667,1,0,0,0,34.8565217391304
22,31.4,30.4,1,3,38.4,12.5,1,0,0,0,38.3
22,31.4,30.4,1,4,34.954714757244,11.9791666666667,1,0,0,0,34.8604166666667
22,31.4,30.4,1,5,38.4,18.75,1,0,0,0,38.3
22,31.4,30.4,1,6,34.954714757244,29.6875,1,0,0,0,34.8563829787234
22,31.4,30.4,1,7,38.4,18.2291666666667,1,0,0,0,38.3
22,31.4,30.4,1,8,34.954714757244,10.4166666666667,1,1,0,0,34.8588888888889
22,31.4,30.4,1,9,38.4,8.85416666666667,1,0,0,0,38.3
22,31.4,30.4,1,10,38.4,11.9791666666667,1,0,0,0,38.2521739130435
22,31.4,31.4,1,1,39.4,6.77083333333333,1,0,0,0,39.284375
22,31.4,31.4,1,2,33.3909869168301,3.125,1,1,0,0,33.2
22,31.4,31.4,1,3,33.3909869168301,0,1,0,0,0,33.3
22,31.4,31.4,1,4,33.3909869168301,2.08333333333333,1,0,0,0,33.2
22,31.4,31.4,1,5,39.4,11.9791666666667,1,0,0,0,39.2858695652174
22,31.4,31.4,1,6,33.3909869168301,2.08333333333333,1,1,0,0,33.2
22,31.4,31.4,1,7,39.4,6.25,1,0,0,0,39.2930232558139
22,31.4,31.4,1,8,33.3909869168301,3.125,1,0,0,0,33.2
22,31.4,31.4,1,9,39.4,9.89583333333333,1,0,0,0,39.2946808510638
22,31.4,31.4,1,10,39.4,19.2708333333333,1,1,1,0,39.1955555555555
22,31.4,32.4,1,1,35.0859355747392,1.04166666666667,1,0,0,0,35
22,31.4,32.4,1,2,35.0859355747392,4.6875,1,0,0,0,34.9
22,31.4,32.4,1,3,40.4,17.1875,1,0,0,0,40.2977777777778
22,31.4,32.4,1,4,40.4,23.4375,1,0,1,0,40.2088888888889
22,31.4,32.4,1,5,35.0859355747392,6.77083333333333,1,0,0,0,35
22,31.4,32.4,1,6,35.0859355747392,0,1,0,0,0,34.9447916666667
22,31.4,32.4,1,7,40.4,10.4166666666667,1,0,0,0,40.2914893617021
22,31.4,32.4,1,8,40.4,15.1041666666667,1,0,1,0,40.2145833333333
22,31.4,32.4,1,9,35.0859355747392,0,1,1,0,0,35
22,31.4,32.4,1,10,40.4,7.8125,1,0,0,0,40.2413043478261
22,31.4,33.4,1,1,34.5726889123849,0,1,0,0,0,34.5
22,31.4,33.4,1,2,34.5726889123849,0,1,0,0,0,34.5
22,31.4,33.4,1,3,41.4,5.72916666666667,1,0,0,0,41.2855555555556
22,31.4,33.4,1,4,34.5726889123849,2.08333333333333,1,0,0,0,34.475
22,31.4,33.4,1,5,34.5726889123849,0,1,0,0,0,34.5
22,31.4,33.4,1,6,41.4,14.0625,1,0,1,0,41.2021739130435
22,31.4,33.4,1,7,41.4,6.77083333333333,1,1,0,0,41.2869565217391
22,31.4,33.4,1,8,41.4,10.9375,1,1,1,0,41.2086956521739
22,31.4,33.4,1,9,41.4,10.9375,1,1,0,0,41.295652173913
22,31.4,33.4,1,10,34.5726889123849,4.16666666666667,1,1,0,0,34.5
25,30.9,28.9,0,1,27.9569758941838,0,1,0,0,0,27.9978260869565
25,30.9,28.9,0,2,24.9,17.1875,1,0,0,0,24.8
25,30.9,28.9,0,3,27.9569758941838,2.08333333333333,1,0,0,0,28
25,30.9,28.9,0,4,27.9569758941838,0,1,0,0,0,28
25,30.9,28.9,0,5,27.9569758941838,5.72916666666667,1,0,0,0,27.9
25,30.9,28.9,0,6,24.9,11.9791666666667,1,0,0,0,24.8
25,30.9,28.9,0,7,24.9,19.2708333333333,1,0,0,0,24.8
25,30.9,28.9,0,8,27.9569758941838,4.6875,1,0,0,0,28
25,30.9,28.9,0,9,24.9,10.9375,1,0,0,0,24.8
25,30.9,28.9,0,10,24.9,7.8125,1,0,0,0,24.8
25,30.9,29.9,0,1,29.8662835316582,0,1,0,0,0,29.9
25,30.9,29.9,0,2,25.9,15.1041666666667,1,0,0,0,25.8
25,30.9,29.9,0,3,29.8662835316582,0,1,0,0,0,29.9
25,30.9,29.9,0,4,25.9,5.72916666666667,1,0,0,0,25.8
25,30.9,29.9,0,5,29.8662835316582,0,1,0,0,0,29.9
25,30.9,29.9,0,6,25.9,4.6875,1,0,0,0,25.8
25,30.9,29.9,0,7,29.8662835316582,0,1,0,0,0,29.9
25,30.9,29.9,0,8,25.9,0,1,0,0,0,25.8
25,30.9,29.9,0,9,29.8662835316582,0,1,0,0,0,29.9
25,30.9,29.9,0,10,25.9,5.72916666666667,1,0,0,0,25.8
25,30.9,30.9,0,1,26.9,11.9791666666667,1,0,0,0,26.8
25,30.9,30.9,0,2,30.8705959434738,0,1,0,0,0,30.9
25,30.9,30.9,0,3,26.9,7.8125,1,0,0,0,26.8
25,30.9,30.9,0,4,30.8705959434738,0,1,0,0,0,30.9
25,30.9,30.9,0,5,30.8705959434738,0,1,0,0,0,30.8
25,30.9,30.9,0,6,26.9,14.0625,1,0,0,0,26.8
25,30.9,30.9,0,7,26.9,9.89583333333333,1,0,0,0,26.8
25,30.9,30.9,0,8,30.8705959434738,0,1,0,0,0,30.8
25,30.9,30.9,0,9,30.8705959434738,0,1,0,0,0,30.85
25,30.9,30.9,0,10,26.9,10.9375,1,0,0,0,26.8
25,30.9,32.9,0,1,32.8662836416765,0,1,0,0,0,32.9
25,30.9,32.9,0,2,28.9,27.0833333333333,1,0,0,0,28.8
25,30.9,32.9,0,3,32.8662836416765,0,1,0,0,0,32.9
25,30.9,32.9,0,4,28.9,6.25,1,0,0,0,28.8
25,30.9,32.9,0,5,28.9,21.3541666666667,1,0,0,0,28.8
25,30.9,32.9,0,6,28.9,9.89583333333333,1,0,0,0,28.8
25,30.9,32.9,0,7,32.8662836416765,0,1,0,0,0,32.85
25,30.9,32.9,0,8,32.8662836416765,0,1,0,0,0,32.7611111111111
25,30.9,32.9,0,9,28.9,7.8125,1,0,0,0,28.8
25,30.9,32.9,0,10,32.8662836416765,0,1,0,0,0,32.85
25,30.9,28.9,1,1,36.9,18.2291666666667,1,0,0,0,36.7766666666667
25,30.9,28.9,1,2,36.9,10.9375,1,0,1,0,36.7011111111111
25,30.9,28.9,1,3,30.8346877475348,4.16666666666667,1,1,0,0,30.7
25,30.9,28.9,1,4,36.9,6.77083333333333,1,0,0,0,36.7177777777778
25,30.9,28.9,1,5,30.8346877475348,3.64583333333333,1,1,0,0,30.7
25,30.9,28.9,1,6,30.8346877475348,1.5625,1,0,0,0,30.7
25,30.9,28.9,1,7,30.8346877475348,0,1,0,0,0,30.7
25,30.9,28.9,1,8,36.9,9.89583333333333,1,0,0,0,36.7364583333333
25,30.9,28.9,1,9,36.9,8.85416666666667,1,1,0,0,36.7863636363636
25,30.9,28.9,1,10,30.8346877475348,0,1,1,0,0,30.7
25,30.9,29.9,1,1,37.9,11.9791666666667,1,0,0,0,37.7833333333333
25,30.9,29.9,1,2,31.1974805517022,4.6875,1,1,0,0,31.1
25,30.9,29.9,1,3,37.9,11.9791666666667,1,0,0,0,37.7833333333333
25,30.9,29.9,1,4,37.9,27.6041666666667,1,1,1,0,37.7
25,30.9,29.9,1,5,31.1974805517022,0,1,0,0,0,31.1
25,30.9,29.9,1,6,37.9,5.72916666666667,1,0,0,0,37.7352272727273
25,30.9,29.9,1,7,31.1974805517022,0,1,1,0,0,31.1
25,30.9,29.9,1,8,37.9,5.72916666666667,1,0,0,0,37.7333333333333
25,30.9,29.9,1,9,31.1974805517022,0,1,1,0,0,31.1
25,30.9,29.9,1,10,31.1974805517022,5.72916666666667,1,0,0,0,31.1
25,30.9,30.9,1,1,38.9,18.2291666666667,1,0,0,0,38.7755555555556
25,30.9,30.9,1,2,38.9,13.0208333333333,1,1,1,0,38.7215909090909
25,30.9,30.9,1,3,32.2969151618355,0,1,1,0,0,32.2
25,30.9,30.9,1,4,38.9,16.1458333333333,1,0,0,0,38.7510869565217
25,30.9,30.9,1,5,38.9,6.77083333333333,1,1,0,0,38.7766666666667
25,30.9,30.9,1,6,32.2969151618355,5.72916666666667,1,1,0,0,32.2
25,30.9,30.9,1,7,32.2969151618355,0,1,0,0,0,32.2
25,30.9,30.9,1,8,38.9,6.77083333333333,1,0,0,0,38.7322222222222
25,30.9,30.9,1,9,32.2969151618355,0,1,1,0,0,32.2
25,30.9,30.9,1,10,32.2969151618355,4.6875,1,0,0,0,32.2
25,30.9,32.9,1,1,40.9,11.9791666666667,1,0,0,0,40.7744444444445
25,30.9,32.9,1,2,40.9,46.3541666666667,1,1,1,0,40.7
25,30.9,32.9,1,3,33.4149505081058,0,1,0,0,0,33.3
25,30.9,32.9,1,4,33.4149505081058,5.72916666666667,1,0,0,0,33.3
25,30.9,32.9,1,5,40.9,10.9375,1,0,0,0,40.7744444444445
25,30.9,32.9,1,6,33.4149505081058,0,1,1,0,0,33.2455555555556
25,30.9,32.9,1,7,33.4149505081058,0,1,0,0,0,33.3
25,30.9,32.9,1,8,40.9,7.8125,1,0,1,0,40.7044444444444
25,30.9,32.9,1,9,33.4149505081058,0,1,0,1,0,33.2163043478261
25,30.9,32.9,1,10,40.9,5.72916666666667,1,0,0,0,40.7326086956522
26,31.6,29.6,0,1,25.6,56.7708333333333,1,0,0,0,25.5
26,31.6,29.6,0,2,29.5844862392522,0,1,1,0,0,29.6
26,31.6,29.6,0,3,25.6,53.6458333333333,1,0,0,0,25.5
26,31.6,29.6,0,4,25.6,61.9791666666667,1,1,0,0,25.5
26,31.6,29.6,0,5,25.6,59.8958333333333,1,1,0,0,25.5
26,31.6,29.6,0,6,29.5844862392522,6.77083333333333,1,1,0,0,29.6
26,31.6,29.6,0,7,29.5844862392522,0,1,0,0,0,29.6
26,31.6,29.6,0,8,29.5844862392522,0,1,0,0,0,29.6
26,31.6,29.6,0,9,29.5844862392522,0,1,0,0,0,29.6
26,31.6,29.6,0,10,25.6,61.9791666666667,1,0,0,0,25.5
26,31.6,30.6,0,1,30.2794801719101,35.9375,1,0,0,0,30.3
26,31.6,30.6,0,2,30.2794801719101,36.9791666666667,1,0,0,0,30.3
26,31.6,30.6,0,3,26.6,61.9791666666667,1,0,0,0,26.5
26,31.6,30.6,0,4,26.6,70.3125,1,1,0,0,26.5
26,31.6,30.6,0,5,26.6,52.6041666666667,1,1,0,0,26.5
26,31.6,30.6,0,6,30.2794801719101,9.89583333333333,1,1,0,0,30.3
26,31.6,30.6,0,7,26.6,56.7708333333333,1,0,0,0,26.5144444444444
26,31.6,30.6,0,8,30.2794801719101,25,1,1,0,0,30.3
26,31.6,30.6,0,9,26.6,61.9791666666667,1,0,0,0,26.506976744186
26,31.6,30.6,0,10,30.2794801719101,26.5625,1,1,0,0,30.3
26,31.6,31.6,0,1,27.6,63.0208333333333,1,0,0,0,27.5
26,31.6,31.6,0,2,27.6,64.0625,1,1,0,0,27.5
26,31.6,31.6,0,3,31.3281882903054,0,1,1,0,0,31.3
26,31.6,31.6,0,4,31.3281882903054,6.77083333333333,1,0,0,0,31.3
26,31.6,31.6,0,5,27.6,65.1041666666667,1,0,0,0,27.5
26,31.6,31.6,0,6,31.3281882903054,3.64583333333333,1,1,0,0,31.3
26,31.6,31.6,0,7,31.3281882903054,9.89583333333333,1,0,0,0,31.3
26,31.6,31.6,0,8,31.3281882903054,23.4375,1,0,0,0,31.3
26,31.6,31.6,0,9,27.6,49.4791666666667,1,0,0,0,27.5
26,31.6,31.6,0,10,27.6,61.9791666666667,1,1,0,0,27.5
26,31.6,32.6,0,1,28.6,64.5833333333333,1,0,0,0,28.5
26,31.6,32.6,0,2,28.6,65.1041666666667,1,1,0,0,28.5
26,31.6,32.6,0,3,32.5844862392522,0,1,1,0,0,32.5
26,31.6,32.6,0,4,32.5844862392522,27.6041666666667,1,0,0,0,32.55
26,31.6,32.6,0,5,28.6,60.9375,1,0,0,0,28.5
26,31.6,32.6,0,6,32.5844862392522,0,1,1,0,0,32.6
26,31.6,32.6,0,7,32.5844862392522,13.0208333333333,1,0,0,0,32.5
26,31.6,32.6,0,8,28.6,64.0625,1,0,0,0,28.5
26,31.6,32.6,0,9,28.6,66.1458333333333,1,1,0,0,28.5022222222222
26,31.6,32.6,0,10,32.5844862392522,3.64583333333333,1,1,0,0,32.55
26,31.6,33.6,0,1,29.6,66.1458333333333,1,0,0,0,29.5188888888889
26,31.6,33.6,0,2,33.3363408239009,45.3125,1,1,0,0,33.3
26,31.6,33.6,0,3,29.6,66.1458333333333,1,0,0,0,29.5363636363636
26,31.6,33.6,0,4,29.6,70.3125,1,1,0,0,29.5
26,31.6,33.6,0,5,33.3363408239009,5.72916666666667,1,1,0,0,33.3
26,31.6,33.6,0,6,33.3363408239009,14.5833333333333,1,0,0,0,33.3
26,31.6,33.6,0,7,29.6,59.8958333333333,1,0,0,0,29.5184782608696
26,31.6,33.6,0,8,33.3363408239009,3.64583333333333,1,1,0,0,33.3
26,31.6,33.6,0,9,33.3363408239009,5.72916666666667,1,1,0,0,33.3
26,31.6,33.6,0,10,29.6,58.8541666666667,1,0,0,0,29.5
26,31.6,29.6,1,1,33.559022816408,20.3125,1,0,0,0,33.4822222222222
26,31.6,29.6,1,2,33.559022816408,42.1875,1,0,0,0,33.4044444444444
26,31.6,29.6,1,3,37.6,59.8958333333333,1,0,0,0,37.4239130434783
26,31.6,29.6,1,4,37.6,59.8958333333333,1,1,1,0,37.3877777777778
26,31.6,29.6,1,5,37.6,7.8125,1,1,0,0,37.436170212766
26,31.6,29.6,1,6,33.559022816408,11.9791666666667,1,0,0,0,33.4260869565217
26,31.6,29.6,1,7,33.559022816408,2.60416666666667,1,0,0,0,33.4625
26,31.6,29.6,1,8,37.6,52.6041666666667,1,0,1,0,37.3869565217391
26,31.6,29.6,1,9,33.559022816408,0,1,1,0,0,33.4822222222222
26,31.6,29.6,1,10,37.6,50.5208333333333,1,0,1,0,37.3943181818182
26,31.6,30.6,1,1,33.8611512885021,0,1,0,0,0,33.7909090909091
26,31.6,30.6,1,2,33.8611512885021,26.5625,1,0,0,0,33.7
26,31.6,30.6,1,3,33.8611512885021,8.85416666666667,1,0,0,0,33.7943181818182
26,31.6,30.6,1,4,38.6,64.0625,1,0,1,0,38.3977777777778
26,31.6,30.6,1,5,33.8611512885021,6.77083333333333,1,1,0,0,33.795652173913
26,31.6,30.6,1,6,38.6,59.8958333333333,1,0,1,0,38.4055555555556
26,31.6,30.6,1,7,38.6,58.8541666666667,1,0,0,0,38.4234042553191
26,31.6,30.6,1,8,38.6,64.0625,1,0,1,0,38.4032608695652
26,31.6,30.6,1,9,33.8611512885021,0,1,1,0,0,33.8
26,31.6,30.6,1,10,38.6,61.9791666666667,1,0,1,0,38.4074468085106
26,31.6,31.6,1,1,34.2804709929318,0,1,0,0,0,34.196875
26,31.6,31.6,1,2,34.2804709929318,32.8125,1,0,0,0,34.1133333333333
26,31.6,31.6,1,3,34.2804709929318,31.7708333333333,1,0,0,0,34.1613636363636
26,31.6,31.6,1,4,39.6,55.7291666666667,1,0,1,0,39.395652173913
26,31.6,31.6,1,5,34.2804709929318,6.77083333333333,1,1,0,0,34.1989361702128
26,31.6,31.6,1,6,39.6,57.8125,1,0,1,0,39.4055555555556
26,31.6,31.6,1,7,39.6,64.0625,1,1,0,0,39.4802325581395
26,31.6,31.6,1,8,39.6,54.6875,1,1,1,0,39.3988888888889
26,31.6,31.6,1,9,39.6,52.6041666666667,1,1,0,0,39.4855555555556
26,31.6,31.6,1,10,34.2804709929318,4.6875,1,1,0,0,34.1944444444444
26,31.6,32.6,1,1,40.6,51.5625,1,0,0,0,40.4922222222222
26,31.6,32.6,1,2,40.6,53.6458333333333,1,1,1,0,40.4068181818182
26,31.6,32.6,1,3,40.6,49.4791666666667,1,0,0,0,40.4988888888889
26,31.6,32.6,1,4,40.6,54.6875,1,1,1,0,40.4355555555556
26,31.6,32.6,1,5,35.8414824200904,6.77083333333333,1,1,0,0,35.7
26,31.6,32.6,1,6,35.8414824200904,9.89583333333333,1,0,0,0,35.6860465116279
26,31.6,32.6,1,7,40.6,49.4791666666667,1,0,0,0,40.4978260869565
26,31.6,32.6,1,8,35.8414824200904,4.6875,1,1,1,0,35.6477777777778
26,31.6,32.6,1,9,35.8414824200904,5.72916666666667,1,0,0,0,35.7
26,31.6,32.6,1,10,35.8414824200904,3.64583333333333,1,0,1,0,35.6155555555556
26,31.6,33.6,1,1,35.2955215361046,13.0208333333333,1,0,0,0,35.1489130434783
26,31.6,33.6,1,2,35.2955215361046,40.1041666666667,1,0,0,0,35.1521739130435
26,31.6,33.6,1,3,35.2955215361046,16.1458333333333,1,0,0,0,35.15
26,31.6,33.6,1,4,35.2955215361046,40.1041666666667,1,0,0,0,35.15
26,31.6,33.6,1,5,41.6,67.1875,1,0,0,0,41.4967391304348
26,31.6,33.6,1,6,41.6,71.3541666666667,1,1,1,0,41.4066666666667
26,31.6,33.6,1,7,41.6,63.0208333333333,1,0,0,0,41.4977272727273
26,31.6,33.6,1,8,35.2955215361046,7.29166666666667,1,0,0,0,35.2
26,31.6,33.6,1,9,41.6,52.6041666666667,1,0,0,0,41.4989130434783
26,31.6,33.6,1,10,41.6,68.2291666666667,1,1,0,0,41.4
28,32.3,32.3,0,1,28.3,52.6041666666667,1,0,0,0,28.2
28,32.3,32.3,0,2,32.1540679701327,0,1,0,0,0,32.2
28,32.3,32.3,0,3,28.3,48.4375,1,0,0,0,28.2
28,32.3,32.3,0,4,28.3,52.6041666666667,1,0,0,0,28.2
28,32.3,32.3,0,5,28.3,40.1041666666667,1,0,0,0,28.2
28,32.3,32.3,0,6,32.1540679701327,0,1,0,0,0,32.2
28,32.3,32.3,0,7,32.1540679701327,0,1,0,0,0,32.2
28,32.3,32.3,0,8,28.3,50.5208333333333,1,0,0,0,28.2
28,32.3,32.3,0,9,32.1540679701327,0,1,0,0,0,32.2
28,32.3,32.3,0,10,32.1540679701327,0,1,0,0,0,32.2
28,32.3,34.3,0,1,30.3,43.2291666666667,1,0,0,0,30.2
28,32.3,34.3,0,2,33.830141910681,3.64583333333333,1,0,0,0,33.8
28,32.3,34.3,0,3,33.830141910681,0,1,0,0,0,33.8
28,32.3,34.3,0,4,33.830141910681,4.6875,1,0,0,0,33.8
28,32.3,34.3,0,5,30.3,50,1,0,0,0,30.2
28,32.3,34.3,0,6,33.830141910681,0,1,0,0,0,33.8
28,32.3,34.3,0,7,30.3,36.9791666666667,1,0,0,0,30.2
28,32.3,34.3,0,8,30.3,68.2291666666667,1,0,0,0,30.2
28,32.3,34.3,0,9,33.830141910681,0,1,0,0,0,33.8
28,32.3,34.3,0,10,30.3,11.9791666666667,1,0,0,0,30.2
28,32.3,32.3,1,1,40.3,0,1,0,0,0,40.2
28,32.3,32.3,1,2,44.9449909648464,33.3333333333333,1,1,0,0,44.7804347826087
28,32.3,32.3,1,3,44.9449909648464,45.3125,1,1,0,0,44.7944444444445
28,32.3,32.3,1,4,40.3,40.1041666666667,1,1,0,0,40.2
28,32.3,32.3,1,5,40.3,0,1,1,0,0,40.2
28,32.3,32.3,1,6,40.3,16.1458333333333,1,1,0,0,40.2
28,32.3,32.3,1,7,44.9449909648464,3.125,1,1,0,0,44.8244444444444
28,32.3,32.3,1,8,44.9449909648464,27.6041666666667,1,1,0,0,44.7888888888889
28,32.3,32.3,1,9,44.9449909648464,16.1458333333333,1,1,0,0,44.8276595744681
28,32.3,32.3,1,10,40.3,31.7708333333333,1,1,0,0,40.2
28,32.3,34.3,1,1,41.2898276926082,0,1,0,0,0,41.1945652173913
28,32.3,34.3,1,2,42.3,8.33333333333333,1,0,0,0,42.1739583333333
28,32.3,34.3,1,3,41.2898276926082,0,1,0,0,0,41.1977777777778
28,32.3,34.3,1,4,42.3,2.08333333333333,1,1,0,0,42.1877777777778
28,32.3,34.3,1,5,42.3,0,1,0,0,0,42.1966666666667
28,32.3,34.3,1,6,42.3,6.77083333333333,1,1,0,0,42.1869565217391
28,32.3,34.3,1,7,41.2898276926082,7.29166666666667,1,1,0,0,41.2
28,32.3,34.3,1,8,41.2898276926082,0,1,0,0,0,41.1988888888889
28,32.3,34.3,1,9,41.2898276926082,4.6875,1,0,0,0,41.1936170212766
28,32.3,34.3,1,10,42.3,0,1,0,0,0,42.1904255319149
29,32.5,30.5,0,1,26.5,28.125,1,0,0,0,26.4
29,32.5,30.5,0,2,26.5,36.9791666666667,1,0,0,0,26.4
29,32.5,30.5,0,3,26.5,17.7083333333333,1,0,0,0,26.4
29,32.5,30.5,0,4,29.4919205597413,3.64583333333333,1,0,0,0,29.4585106382979
29,32.5,30.5,0,5,29.4919205597413,1.04166666666667,1,0,0,0,29.5
29,32.5,30.5,0,6,26.5,14.0625,1,0,0,0,26.4
29,32.5,30.5,0,7,29.4919205597413,3.125,1,0,0,0,29.5
29,32.5,30.5,0,8,29.4919205597413,1.5625,1,0,0,0,29.5
29,32.5,30.5,0,9,26.5,18.2291666666667,1,0,0,0,26.4
29,32.5,30.5,0,10,29.4919205597413,2.08333333333333,1,0,0,0,29.4108695652174
29,32.5,31.5,0,1,27.5,41.1458333333333,1,0,0,0,27.4
29,32.5,31.5,0,2,27.5,45.8333333333333,1,0,0,0,27.4
29,32.5,31.5,0,3,31.2358341160353,1.5625,1,0,0,0,31.2
29,32.5,31.5,0,4,27.5,19.7916666666667,1,0,0,0,27.4
29,32.5,31.5,0,5,31.2358341160353,2.60416666666667,1,0,0,0,31.2
29,32.5,31.5,0,6,31.2358341160353,0.520833333333333,1,0,0,0,31.2
29,32.5,31.5,0,7,27.5,20.3125,1,0,0,0,27.4
29,32.5,31.5,0,8,27.5,27.0833333333333,1,0,0,0,27.4
29,32.5,31.5,0,9,31.2358341160353,1.04166666666667,1,0,0,0,31.2
29,32.5,31.5,0,10,31.2358341160353,0,1,0,0,0,31.2
29,32.5,33.5,0,1,29.5,33.3333333333333,1,0,0,0,29.4
29,32.5,33.5,0,2,29.5,40.625,1,1,0,0,29.4
29,32.5,33.5,0,3,32.879463041493,4.16666666666667,1,1,0,0,32.9
29,32.5,33.5,0,4,32.879463041493,1.5625,1,0,0,0,32.9
29,32.5,33.5,0,5,32.879463041493,5.72916666666667,1,0,0,0,32.9
29,32.5,33.5,0,6,32.879463041493,3.64583333333333,1,0,0,0,32.9
29,32.5,33.5,0,7,32.879463041493,7.29166666666667,1,0,0,0,32.9
29,32.5,33.5,0,8,29.5,15.1041666666667,1,0,0,0,29.4
29,32.5,33.5,0,9,29.5,43.2291666666667,1,1,0,0,29.4
29,32.5,33.5,0,10,29.5,32.8125,1,1,0,0,29.4
29,32.5,34.5,0,1,30.5,45.8333333333333,1,0,0,0,30.4
29,32.5,34.5,0,2,33.9751090368999,3.64583333333333,1,1,0,0,34
29,32.5,34.5,0,3,33.9751090368999,2.60416666666667,1,0,0,0,34
29,32.5,34.5,0,4,33.9751090368999,1.5625,1,0,0,0,34
29,32.5,34.5,0,5,33.9751090368999,2.60416666666667,0,0,0,0,34
29,32.5,34.5,0,6,30.5,32.8125,1,0,0,0,30.4
29,32.5,34.5,0,7,30.5,49.4791666666667,1,1,0,0,30.4
29,32.5,34.5,0,8,33.9751090368999,1.04166666666667,1,1,0,0,34
29,32.5,34.5,0,9,30.5,28.6458333333333,1,0,0,0,30.4
29,32.5,34.5,0,10,30.5,45.3125,1,1,0,0,30.4
29,32.5,30.5,1,1,38.5,7.8125,1,0,0,0,38.4
29,32.5,30.5,1,2,33.3898618470923,1.5625,1,0,0,0,33.2829545454546
29,32.5,30.5,1,3,38.5,11.4583333333333,1,0,0,0,38.4
29,32.5,30.5,1,4,38.5,23.9583333333333,1,0,0,0,38.3723404255319
29,32.5,30.5,1,5,33.3898618470923,7.8125,1,0,0,0,33.3
29,32.5,30.5,1,6,33.3898618470923,2.08333333333333,1,0,0,0,33.3
29,32.5,30.5,1,7,33.3898618470923,2.08333333333333,1,0,0,0,33.3
29,32.5,30.5,1,8,38.5,21.875,1,0,0,0,38.3681818181818
29,32.5,30.5,1,9,33.3898618470923,6.77083333333333,1,1,0,0,33.3
29,32.5,30.5,1,10,38.5,5.72916666666667,1,0,0,0,38.3766666666667
29,32.5,31.5,1,1,39.5,34.8958333333333,1,0,0,0,39.3904255319149
29,32.5,31.5,1,2,35.5517907364969,8.85416666666667,1,0,0,0,35.4433333333333
29,32.5,31.5,1,3,39.5,17.1875,1,0,0,0,39.3934782608695
29,32.5,31.5,1,4,35.5517907364969,4.16666666666667,1,0,0,0,35.44
29,32.5,31.5,1,5,39.5,12.5,1,0,0,0,39.4
29,32.5,31.5,1,6,35.5517907364969,2.08333333333333,1,0,0,0,35.4404255319149
29,32.5,31.5,1,7,39.5,5.72916666666667,1,0,0,0,39.3945652173913
29,32.5,31.5,1,8,35.5517907364969,2.08333333333333,1,1,0,0,35.4436170212766
29,32.5,31.5,1,9,35.5517907364969,1.04166666666667,1,0,0,0,35.5
29,32.5,31.5,1,10,39.5,34.8958333333333,1,0,0,0,39.3032608695652
29,32.5,33.5,1,1,41.5,23.4375,1,0,0,0,41.4
29,32.5,33.5,1,2,41.5,44.7916666666667,1,0,1,0,41.3032608695652
29,32.5,33.5,1,3,34.8926897992238,3.64583333333333,1,0,0,0,34.8
29,32.5,33.5,1,4,34.8926897992238,2.60416666666667,1,0,0,0,34.8
29,32.5,33.5,1,5,41.5,14.0625,1,0,0,0,41.4
29,32.5,33.5,1,6,41.5,21.875,1,1,0,0,41.3133333333333
29,32.5,33.5,1,7,34.8926897992238,1.5625,1,0,0,0,34.8
29,32.5,33.5,1,8,34.8926897992238,1.5625,1,0,0,0,34.8
29,32.5,33.5,1,9,41.5,5.72916666666667,1,0,0,0,41.4
29,32.5,33.5,1,10,34.8926897992238,1.5625,1,1,0,0,34.8
29,32.5,34.5,1,1,36.2857528842671,3.125,1,0,0,0,36.2
29,32.5,34.5,1,2,36.2857528842671,7.8125,1,0,0,0,36.1777777777778
29,32.5,34.5,1,3,36.2857528842671,6.25,1,0,0,0,36.2
29,32.5,34.5,1,4,42.5,64.0625,1,0,0,0,42.3032608695652
29,32.5,34.5,1,5,36.2857528842671,1.04166666666667,1,0,0,0,36.2
29,32.5,34.5,1,6,42.5,29.1666666666667,1,0,0,0,42.320652173913
29,32.5,34.5,1,7,42.5,50.5208333333333,1,0,0,0,42.3904255319149
29,32.5,34.5,1,8,42.5,35.9375,1,0,0,0,42.3202127659574
29,32.5,34.5,1,9,36.2857528842671,2.60416666666667,1,0,0,0,36.2
29,32.5,34.5,1,10,42.5,14.0625,1,0,0,0,42.3233333333333
30,32.1,30.1,0,1,29.8371092769748,10.9375,1,0,0,0,29.8
30,32.1,30.1,0,2,26.1,92.1875,1,0,0,0,26
30,32.1,30.1,0,3,29.8371092769748,9.375,1,1,0,0,29.8
30,32.1,30.1,0,4,29.8371092769748,17.1875,1,0,0,0,29.8
30,32.1,30.1,0,5,29.8371092769748,25.5208333333333,1,0,0,0,29.8
30,32.1,30.1,0,6,26.1,74.4791666666667,1,0,0,0,26
30,32.1,30.1,0,7,26.1,96.3541666666667,1,1,0,0,26
30,32.1,30.1,0,8,29.8371092769748,19.2708333333333,1,1,0,0,29.8
30,32.1,30.1,0,9,26.1,71.3541666666667,1,0,0,0,26
30,32.1,30.1,0,10,26.1,53.6458333333333,1,1,0,0,26.0489361702128
30,32.1,31.1,0,1,30.7798388386535,11.9791666666667,1,0,0,0,30.8
30,32.1,31.1,0,2,27.1,86.9791666666667,1,0,0,0,27
30,32.1,31.1,0,3,30.7798388386535,10.9375,1,1,0,0,30.8
30,32.1,31.1,0,4,27.1,86.9791666666667,1,0,0,0,27
30,32.1,31.1,0,5,30.7798388386535,0,0,1,0,0,30.8
30,32.1,31.1,0,6,27.1,89.0625,1,0,0,0,27.0072916666667
30,32.1,31.1,0,7,30.7798388386535,16.1458333333333,1,1,0,0,30.8
30,32.1,31.1,0,8,27.1,66.1458333333333,1,0,0,0,27.0326086956522
30,32.1,31.1,0,9,30.7798388386535,30.7291666666667,1,1,0,0,30.8
30,32.1,31.1,0,10,27.1,52.0833333333333,1,0,0,0,27.0181818181818
30,32.1,32.1,0,1,28.1,81.7708333333333,1,0,0,0,28
30,32.1,32.1,0,2,31.8121846431361,7.29166666666667,1,1,0,0,31.8
30,32.1,32.1,0,3,28.1,95.3125,1,0,0,0,28.0010416666667
30,32.1,32.1,0,4,31.8121846431361,9.89583333333333,1,1,0,0,31.8
30,32.1,32.1,0,5,31.8121846431361,14.5833333333333,1,0,0,0,31.8
30,32.1,32.1,0,6,28.1,93.2291666666667,1,0,0,0,28
30,32.1,32.1,0,7,28.1,94.2708333333333,1,1,0,0,28.004347826087
30,32.1,32.1,0,8,31.8121846431361,14.5833333333333,1,1,0,0,31.8
30,32.1,32.1,0,9,31.8121846431361,29.6875,1,0,0,0,31.8
30,32.1,32.1,0,10,28.1,91.1458333333333,1,0,0,0,28
30,32.1,33.1,0,1,29.1,66.1458333333333,1,0,0,0,29
30,32.1,33.1,0,2,32.7028600810208,7.29166666666667,1,1,0,0,32.7
30,32.1,33.1,0,3,29.1,79.1666666666667,1,0,0,0,29.0130434782609
30,32.1,33.1,0,4,32.7028600810208,27.6041666666667,1,1,0,0,32.7
30,32.1,33.1,0,5,29.1,78.6458333333333,1,0,0,0,29.0119565217391
30,32.1,33.1,0,6,29.1,84.8958333333333,1,1,0,0,29.0053191489362
30,32.1,33.1,0,7,32.7028600810208,23.4375,1,1,0,0,32.7
30,32.1,33.1,0,8,32.7028600810208,24.4791666666667,1,0,0,0,32.7
30,32.1,33.1,0,9,29.1,71.3541666666667,1,0,0,0,29.0111111111111
30,32.1,33.1,0,10,32.7028600810208,17.1875,1,1,0,0,32.7
30,32.1,34.1,0,1,33.5826446607003,10.9375,1,0,0,0,33.6
30,32.1,34.1,0,2,30.1,73.4375,1,0,0,0,30.0042553191489
30,32.1,34.1,0,3,33.5826446607003,15.625,1,1,0,0,33.6
30,32.1,34.1,0,4,30.1,71.3541666666667,1,0,0,0,30
30,32.1,34.1,0,5,30.1,55.7291666666667,1,1,0,0,30.0088888888889
30,32.1,34.1,0,6,30.1,67.1875,1,1,0,0,30
30,32.1,34.1,0,7,33.5826446607003,8.85416666666667,1,1,0,0,33.6
30,32.1,34.1,0,8,33.5826446607003,7.8125,1,0,0,0,33.6
30,32.1,34.1,0,9,30.1,47.3958333333333,1,0,0,0,30.0097826086957
30,32.1,34.1,0,10,33.5826446607003,9.89583333333333,1,1,0,0,33.6
30,32.1,30.1,1,1,38.1,77.6041666666667,1,0,0,0,38.025
30,32.1,30.1,1,2,38.1,88.0208333333333,1,0,0,0,38
30,32.1,30.1,1,3,38.5799351610994,80.2083333333333,1,0,0,0,38.5255319148936
30,32.1,30.1,1,4,38.1,93.2291666666667,1,0,0,0,38
30,32.1,30.1,1,5,38.5799351610994,55.7291666666667,1,0,0,0,38.5265957446808
30,32.1,30.1,1,6,38.5799351610994,69.2708333333333,1,1,0,0,38.5042553191489
30,32.1,30.1,1,7,38.5799351610994,58.8541666666667,1,0,0,0,38.5266666666667
30,32.1,30.1,1,8,38.1,58.8541666666667,1,1,0,0,38
30,32.1,30.1,1,9,38.1,36.4583333333333,1,0,0,0,38.0276595744681
30,32.1,30.1,1,10,38.5799351610994,49.4791666666667,1,0,0,0,38.5304347826087
30,32.1,31.1,1,1,39.1,93.2291666666667,1,0,0,0,39
30,32.1,31.1,1,2,34.4754516964001,89.5833333333333,1,0,0,0,34.3989130434783
30,32.1,31.1,1,3,39.1,96.3541666666667,1,0,0,0,39
30,32.1,31.1,1,4,39.1,83.3333333333333,1,0,0,0,38.9955555555556
30,32.1,31.1,1,5,34.4754516964001,4.16666666666667,1,0,0,0,34.4
30,32.1,31.1,1,6,39.1,84.375,1,0,0,0,38.9968085106383
30,32.1,31.1,1,7,34.4754516964001,46.875,1,0,0,0,34.4
30,32.1,31.1,1,8,39.1,63.0208333333333,1,0,0,0,38.9978260869565
30,32.1,31.1,1,9,34.4754516964001,42.1875,1,0,0,0,34.4
30,32.1,31.1,1,10,34.4754516964001,35.9375,1,0,0,0,34.4
30,32.1,32.1,1,1,40.1,94.2708333333333,1,0,0,0,39.9989361702128
30,32.1,32.1,1,2,40.1,96.3541666666667,1,0,0,0,39.9882978723404
30,32.1,32.1,1,3,33.9528019017702,10.9375,1,0,0,0,33.9
30,32.1,32.1,1,4,40.1,83.8541666666667,1,0,0,0,39.9945652173913
30,32.1,32.1,1,5,40.1,84.8958333333333,1,0,0,0,39.9967391304348
30,32.1,32.1,1,6,33.9528019017702,25.5208333333333,1,0,0,0,33.8989130434783
30,32.1,32.1,1,7,33.9528019017702,19.2708333333333,1,0,0,0,33.9
30,32.1,32.1,1,8,40.1,85.9375,1,0,0,0,39.9897727272727
30,32.1,32.1,1,9,33.9528019017702,27.6041666666667,1,0,0,0,33.8968085106383
30,32.1,32.1,1,10,33.9528019017702,15.1041666666667,1,0,0,0,33.9
30,32.1,33.1,1,1,41.1,83.8541666666667,1,0,0,0,40.9988888888889
30,32.1,33.1,1,2,41.1,96.875,1,1,0,0,40.9944444444444
30,32.1,33.1,1,3,35.12861203287,8.85416666666667,1,0,0,0,35
30,32.1,33.1,1,4,35.12861203287,35.9375,1,0,0,0,34.9933333333333
30,32.1,33.1,1,5,35.12861203287,29.6875,1,0,0,0,34.9957446808511
30,32.1,33.1,1,6,41.1,96.3541666666667,1,0,0,0,40.9923913043478
30,32.1,33.1,1,7,41.1,83.8541666666667,1,0,0,0,40.9966666666667
30,32.1,33.1,1,8,41.1,96.3541666666667,1,0,0,0,40.9945652173913
30,32.1,33.1,1,9,35.12861203287,16.1458333333333,1,0,0,0,34.9644444444444
30,32.1,33.1,1,10,35.12861203287,19.2708333333333,1,0,0,0,35
30,32.1,34.1,1,1,42.1,80.7291666666667,1,0,0,0,41.9945652173913
30,32.1,34.1,1,2,42.1,83.8541666666667,1,0,0,0,41.9771739130435
30,32.1,34.1,1,3,35.0825041630045,16.1458333333333,1,0,0,0,35
30,32.1,34.1,1,4,35.0825041630045,17.1875,1,0,0,0,35
30,32.1,34.1,1,5,42.1,66.1458333333333,1,0,0,0,41.99375
30,32.1,34.1,1,6,35.0825041630045,22.3958333333333,1,0,0,0,35
30,32.1,34.1,1,7,35.0825041630045,17.7083333333333,1,0,0,0,35
30,32.1,34.1,1,8,42.1,82.2916666666667,1,0,0,0,41.979347826087
30,32.1,34.1,1,9,35.0825041630045,44.2708333333333,1,0,0,0,35
30,32.1,34.1,1,10,42.1,69.2708333333333,1,0,0,0,41.9872340425532
32,32.2,32.2,0,1,28.2,64.0625,1,0,0,0,28.1
32,32.2,32.2,0,2,28.2,76.0416666666667,1,1,0,0,28.1
32,32.2,32.2,0,3,31.2928067975157,6.77083333333333,1,1,0,0,31.3
32,32.2,32.2,0,4,31.2928067975157,0,1,1,0,0,31.3
32,32.2,32.2,0,5,28.2,65.625,1,1,0,0,28.1041666666667
32,32.2,32.2,0,6,31.2928067975157,0,1,1,0,0,31.3
32,32.2,32.2,0,7,31.2928067975157,6.77083333333333,1,0,0,0,31.3
32,32.2,32.2,0,8,31.2928067975157,6.77083333333333,1,0,0,0,31.3
32,32.2,32.2,0,9,28.2,59.8958333333333,1,0,0,0,28.1055555555556
32,32.2,32.2,0,10,28.2,45.8333333333333,1,1,0,0,28.1032608695652
32,32.2,33.2,0,1,29.2,69.2708333333333,1,0,0,0,29.1
32,32.2,33.2,0,2,29.2,63.0208333333333,1,1,0,0,29.1
32,32.2,33.2,0,3,32.4841814066886,0,1,1,0,0,32.5
32,32.2,33.2,0,4,32.4841814066886,0,1,1,0,0,32.5
32,32.2,33.2,0,5,29.2,64.0625,1,0,0,0,29.1
32,32.2,33.2,0,6,32.4841814066886,0,1,1,0,0,32.5
32,32.2,33.2,0,7,32.4841814066886,0,1,0,0,0,32.5
32,32.2,33.2,0,8,29.2,51.5625,1,0,0,0,29.1
32,32.2,33.2,0,9,29.2,53.6458333333333,1,1,0,0,29.1
32,32.2,33.2,0,10,32.4841814066886,10.9375,1,1,0,0,32.5
32,32.2,34.2,0,1,30.2,0,1,0,0,0,NaN
32,32.2,34.2,0,2,33.6918391806088,4.6875,1,1,0,0,33.7
32,32.2,34.2,0,3,30.2,70.3125,1,0,0,0,30.1
32,32.2,34.2,0,4,30.2,68.2291666666667,1,1,0,0,30.1
32,32.2,34.2,0,5,33.6918391806088,0,1,1,0,0,33.7
32,32.2,34.2,0,6,33.6918391806088,0,1,1,0,0,33.7
32,32.2,34.2,0,7,30.2,52.6041666666667,1,0,0,0,30.1
32,32.2,34.2,0,8,33.6918391806088,0,1,1,0,0,33.7
32,32.2,34.2,0,9,33.6918391806088,0,1,0,0,0,33.7
32,32.2,34.2,0,10,30.2,41.1458333333333,1,0,0,0,30.1
32,32.2,32.2,1,1,34.6152888560227,34.8958333333333,1,0,1,0,34.4065217391304
32,32.2,32.2,1,2,34.6152888560227,9.375,1,0,1,0,34.4
32,32.2,32.2,1,3,34.6152888560227,32.8125,1,0,0,0,34.4677777777778
32,32.2,32.2,1,4,40.2,88.5416666666667,1,0,0,0,40.0416666666667
32,32.2,32.2,1,5,34.6152888560227,43.2291666666667,1,0,1,0,34.4434782608696
32,32.2,32.2,1,6,40.2,49.4791666666667,1,0,0,0,40.0630434782609
32,32.2,32.2,1,7,40.2,82.2916666666667,1,1,0,0,40.0888888888889
32,32.2,32.2,1,8,40.2,59.8958333333333,1,0,0,0,40.0553191489362
32,32.2,32.2,1,9,40.2,50.5208333333333,1,0,0,0,40.09
32,32.2,32.2,1,10,34.6152888560227,0,1,0,1,0,34.45
32,32.2,33.2,1,1,41.2,76.5625,1,0,0,0,41.0815217391304
32,32.2,33.2,1,2,41.2,68.2291666666667,1,1,1,0,41.0380434782609
32,32.2,33.2,1,3,41.2,52.6041666666667,1,0,0,0,41.0877777777778
32,32.2,33.2,1,4,41.2,53.6458333333333,1,0,0,0,41.0510638297872
32,32.2,33.2,1,5,37.0729157161999,5.72916666666667,1,0,0,0,36.9911111111111
32,32.2,33.2,1,6,37.0729157161999,15.625,1,0,0,0,36.95
32,32.2,33.2,1,7,41.2,39.0625,1,0,0,0,41.0811111111111
32,32.2,33.2,1,8,37.0729157161999,10.9375,1,1,0,0,36.9443181818182
32,32.2,33.2,1,9,37.0729157161999,11.9791666666667,1,0,0,0,36.9677777777778
32,32.2,33.2,1,10,37.0729157161999,31.7708333333333,1,0,0,0,36.9391304347826
32,32.2,34.2,1,1,34.9118522544738,25,1,0,1,0,34.75
32,32.2,34.2,1,2,34.9118522544738,0,1,0,1,0,34.75
32,32.2,34.2,1,3,34.9118522544738,0,1,0,1,0,34.75
32,32.2,34.2,1,4,34.9118522544738,8.85416666666667,1,0,1,0,34.7
32,32.2,34.2,1,5,42.2,74.4791666666667,1,0,0,0,42.0363636363636
32,32.2,34.2,1,6,42.2,100,1,1,1,0,42.0195652173913
32,32.2,34.2,1,7,42.2,75.5208333333333,1,0,0,0,42.0722222222222
32,32.2,34.2,1,8,34.9118522544738,0,1,0,1,0,34.75
32,32.2,34.2,1,9,42.2,50,1,0,0,0,42.0880434782609
32,32.2,34.2,1,10,42.2,65.1041666666667,1,1,1,0,42.0141304347826
34,29.5,27.5,0,1,23.5,7.8125,1,0,0,0,23.4
34,29.5,27.5,0,2,26.7723876179003,2.60416666666667,1,0,0,0,26.8
34,29.5,27.5,0,3,23.5,5.72916666666667,1,0,0,0,23.4
34,29.5,27.5,0,4,23.5,7.8125,1,0,0,0,23.4
34,29.5,27.5,0,5,23.5,5.72916666666667,1,0,0,0,23.4
34,29.5,27.5,0,6,26.7723876179003,1.5625,1,0,0,0,26.8
34,29.5,27.5,0,7,26.7723876179003,1.5625,1,0,0,0,26.8
34,29.5,27.5,0,8,26.7723876179003,2.60416666666667,1,0,0,0,26.8
34,29.5,27.5,0,9,26.7723876179003,1.5625,1,0,0,0,26.8
34,29.5,27.5,0,10,23.5,3.64583333333333,1,0,0,0,23.4
34,29.5,28.5,0,1,28.2180364203572,2.60416666666667,1,0,0,0,28.2
34,29.5,28.5,0,2,28.2180364203572,3.64583333333333,1,0,0,0,28.2
34,29.5,28.5,0,3,24.5,6.77083333333333,1,0,0,0,24.4
34,29.5,28.5,0,4,24.5,7.29166666666667,1,0,0,0,24.4
34,29.5,28.5,0,5,24.5,7.8125,1,0,0,0,24.4
34,29.5,28.5,0,6,28.2180364203572,2.60416666666667,1,0,0,0,28.2
34,29.5,28.5,0,7,24.5,4.6875,1,0,0,0,24.4
34,29.5,28.5,0,8,28.2180364203572,1.5625,1,0,0,0,28.2
34,29.5,28.5,0,9,24.5,5.72916666666667,1,0,0,0,24.4
34,29.5,28.5,0,10,28.2180364203572,2.60416666666667,1,0,0,0,28.2
34,29.5,29.5,0,1,25.5,7.29166666666667,1,0,0,0,25.4
34,29.5,29.5,0,2,25.5,6.77083333333333,1,0,0,0,25.4
34,29.5,29.5,0,3,29.4702522856723,2.60416666666667,1,0,0,0,29.5
34,29.5,29.5,0,4,29.4702522856723,1.5625,1,0,0,0,29.5
34,29.5,29.5,0,5,25.5,5.72916666666667,1,0,0,0,25.4
34,29.5,29.5,0,6,29.4702522856723,2.60416666666667,1,0,0,0,29.5
34,29.5,29.5,0,7,29.4702522856723,1.5625,1,0,0,0,29.5
34,29.5,29.5,0,8,29.4702522856723,1.5625,1,0,0,0,29.5
34,29.5,29.5,0,9,25.5,3.64583333333333,1,0,0,0,25.4
34,29.5,29.5,0,10,25.5,4.6875,1,0,0,0,25.4
34,29.5,30.5,0,1,26.5,7.8125,1,0,0,0,26.4
34,29.5,30.5,0,2,26.5,7.8125,1,0,0,0,26.4
34,29.5,30.5,0,3,30.4662836416765,1.5625,1,0,0,0,30.45
34,29.5,30.5,0,4,30.4662836416765,1.5625,1,0,0,0,30.4663043478261
34,29.5,30.5,0,5,26.5,4.6875,1,0,0,0,26.4
34,29.5,30.5,0,6,30.4662836416765,0,1,0,0,0,30.5
34,29.5,30.5,0,7,30.4662836416765,3.64583333333333,1,0,0,0,30.5
34,29.5,30.5,0,8,26.5,3.64583333333333,1,0,0,0,26.4
34,29.5,30.5,0,9,26.5,6.77083333333333,1,0,0,0,26.4
34,29.5,30.5,0,10,30.4662836416765,1.5625,1,0,0,0,30.49
34,29.5,31.5,0,1,27.5,9.89583333333333,1,0,0,0,27.4
34,29.5,31.5,0,2,31.4844862392522,5.72916666666667,1,0,0,0,31.41875
34,29.5,31.5,0,3,27.5,5.72916666666667,1,0,0,0,27.4
34,29.5,31.5,0,4,27.5,5.72916666666667,1,0,0,0,27.4
34,29.5,31.5,0,5,31.4844862392522,3.64583333333333,1,0,0,0,31.4
34,29.5,31.5,0,6,31.4844862392522,3.64583333333333,1,0,0,0,31.4
34,29.5,31.5,0,7,27.5,9.89583333333333,1,0,0,0,27.4
34,29.5,31.5,0,8,31.4844862392522,2.60416666666667,1,0,0,0,31.45
34,29.5,31.5,0,9,31.4844862392522,1.5625,1,0,0,0,31.4
34,29.5,31.5,0,10,27.5,7.8125,1,0,0,0,27.4
34,29.5,27.5,1,1,30.7977070944406,2.60416666666667,1,0,0,0,30.7
34,29.5,27.5,1,2,30.7977070944406,1.5625,1,0,0,0,30.6488636363636
34,29.5,27.5,1,3,35.5,9.89583333333333,1,0,0,0,35.3988372093023
34,29.5,27.5,1,4,35.5,4.6875,1,0,0,0,35.3344444444444
34,29.5,27.5,1,5,35.5,3.64583333333333,1,1,0,0,35.3967391304348
34,29.5,27.5,1,6,30.7977070944406,1.5625,1,0,0,0,30.6821428571429
34,29.5,27.5,1,7,30.7977070944406,2.60416666666667,1,0,0,0,30.7
34,29.5,27.5,1,8,35.5,3.64583333333333,1,0,0,0,35.3344444444444
34,29.5,27.5,1,9,30.7977070944406,2.60416666666667,1,0,0,0,30.7
34,29.5,27.5,1,10,35.5,3.64583333333333,1,0,0,0,35.3423913043478
34,29.5,28.5,1,1,39.201386510835,13.0208333333333,1,0,0,0,39.0863636363636
34,29.5,28.5,1,2,39.201386510835,11.4583333333333,1,1,1,0,38.9966666666667
34,29.5,28.5,1,3,39.201386510835,6.77083333333333,1,1,0,0,39.0893617021277
34,29.5,28.5,1,4,36.5,5.72916666666667,1,1,0,0,36.3355555555556
34,29.5,28.5,1,5,39.201386510835,4.6875,1,1,0,0,39.0956521739131
34,29.5,28.5,1,6,36.5,3.64583333333333,1,1,0,0,36.3358695652174
34,29.5,28.5,1,7,36.5,2.60416666666667,1,1,0,0,36.4
34,29.5,28.5,1,8,36.5,2.60416666666667,1,1,0,0,36.3445652173913
34,29.5,28.5,1,9,39.201386510835,5.72916666666667,1,1,0,0,39.0920454545455
34,29.5,28.5,1,10,36.5,2.60416666666667,1,1,0,0,36.3336956521739
34,29.5,29.5,1,1,31.2990368672015,3.64583333333333,1,0,0,0,31.2
34,29.5,29.5,1,2,31.2990368672015,2.60416666666667,1,0,0,0,31.1
34,29.5,29.5,1,3,31.2990368672015,3.64583333333333,1,0,0,0,31.2
34,29.5,29.5,1,4,37.5,5.20833333333333,1,0,0,0,37.3244680851064
34,29.5,29.5,1,5,31.2990368672015,3.64583333333333,1,0,0,0,31.1422222222222
34,29.5,29.5,1,6,37.5,5.72916666666667,1,0,0,0,37.3340425531915
34,29.5,29.5,1,7,37.5,7.8125,1,1,0,0,37.3866666666667
34,29.5,29.5,1,8,37.5,2.60416666666667,1,1,0,0,37.3347826086956
34,29.5,29.5,1,9,37.5,4.6875,1,1,0,0,37.3977777777778
34,29.5,29.5,1,10,31.2990368672015,2.60416666666667,1,0,0,0,31.190625
34,29.5,30.5,1,1,38.5,7.8125,1,0,0,0,38.3872340425532
34,29.5,30.5,1,2,38.5,5.72916666666667,1,0,0,0,38.3106382978723
34,29.5,30.5,1,3,38.5,8.85416666666667,1,1,0,0,38.3944444444444
34,29.5,30.5,1,4,38.5,3.64583333333333,1,0,0,0,38.3291666666667
34,29.5,30.5,1,5,32.1122517192373,2.60416666666667,1,1,0,0,32
34,29.5,30.5,1,6,32.1122517192373,0,1,0,0,0,32
34,29.5,30.5,1,7,38.5,5.72916666666667,1,0,0,0,38.3888888888889
34,29.5,30.5,1,8,32.1122517192373,2.60416666666667,1,0,1,0,31.9445652173913
34,29.5,30.5,1,9,32.1122517192373,1.5625,1,0,0,0,32
34,29.5,30.5,1,10,32.1122517192373,2.60416666666667,1,0,0,0,31.9533333333333
34,29.5,31.5,1,1,32.8268456260476,4.16666666666667,1,0,0,0,32.7
34,29.5,31.5,1,2,32.8268456260476,4.6875,1,0,0,0,32.668085106383
34,29.5,31.5,1,3,32.8268456260476,6.77083333333333,1,0,0,0,32.7
34,29.5,31.5,1,4,32.8268456260476,2.60416666666667,1,0,0,0,32.6711111111111
34,29.5,31.5,1,5,39.5,13.5416666666667,1,0,0,0,39.3836956521739
34,29.5,31.5,1,6,39.5,10.4166666666667,1,0,0,0,39.3077777777778
34,29.5,31.5,1,7,39.5,9.89583333333333,1,0,0,0,39.3829787234042
34,29.5,31.5,1,8,32.8268456260476,2.60416666666667,1,0,0,0,32.6882978723404
34,29.5,31.5,1,9,39.5,4.6875,1,0,0,0,39.3869565217391
34,29.5,31.5,1,10,39.5,6.77083333333333,1,1,0,0,39.3086956521739
36,30.2,28.2,0,1,24.2,38.0208333333333,1,0,0,0,24.1711111111111
36,30.2,28.2,0,2,24.2,28.6458333333333,1,0,0,0,24.1
36,30.2,28.2,0,3,27.1347095796385,7.8125,1,0,0,0,27.1
36,30.2,28.2,0,4,24.2,22.3958333333333,1,0,0,0,24.1
36,30.2,28.2,0,5,24.2,17.1875,1,0,0,0,24.1663043478261
36,30.2,28.2,0,6,27.1347095796385,0,1,0,0,0,27.0466666666667
36,30.2,28.2,0,7,27.1347095796385,7.8125,1,0,0,0,27.1
36,30.2,28.2,0,8,24.2,33.8541666666667,1,0,0,0,24.1
36,30.2,28.2,0,9,27.1347095796385,16.1458333333333,1,0,0,0,27.1
36,30.2,28.2,0,10,27.1347095796385,5.72916666666667,1,0,0,0,27.0220930232558
36,30.2,29.2,0,1,27.1978084448071,22.3958333333333,1,0,0,0,27.2
36,30.2,29.2,0,2,27.1978084448071,36.9791666666667,1,0,0,0,27.1652173913043
36,30.2,29.2,0,3,25.2,44.2708333333333,1,0,0,0,25.1673913043478
36,30.2,29.2,0,4,27.1978084448071,41.1458333333333,1,0,0,0,27.2
36,30.2,29.2,0,5,25.2,21.3541666666667,1,0,0,0,25.1666666666667
36,30.2,29.2,0,6,25.2,33.8541666666667,1,0,0,0,25.1
36,30.2,29.2,0,7,27.1978084448071,38.0208333333333,1,0,0,0,27.1945652173913
36,30.2,29.2,0,8,25.2,34.8958333333333,1,0,0,0,25.1
36,30.2,29.2,0,9,25.2,41.1458333333333,1,0,0,0,25.1655555555556
36,30.2,29.2,0,10,27.1978084448071,18.2291666666667,1,0,0,0,27.1826086956522
36,30.2,30.2,0,1,29.0537614866612,21.3541666666667,1,0,0,0,29.1
36,30.2,30.2,0,2,26.2,30.7291666666667,1,0,0,0,26.1
36,30.2,30.2,0,3,29.0537614866612,18.2291666666667,1,0,0,0,29.1
36,30.2,30.2,0,4,29.0537614866612,31.7708333333333,1,0,0,0,29.1
36,30.2,30.2,0,5,26.2,43.2291666666667,1,0,0,0,26.1787234042553
36,30.2,30.2,0,6,26.2,29.6875,1,0,0,0,26.1
36,30.2,30.2,0,7,26.2,34.8958333333333,1,0,0,0,26.1691489361702
36,30.2,30.2,0,8,29.0537614866612,0,1,0,0,0,29.1
36,30.2,30.2,0,9,26.2,20.3125,1,0,0,0,26.2
36,30.2,30.2,0,10,29.0537614866612,0,1,0,0,0,29.1
36,30.2,31.2,0,1,27.2,43.2291666666667,1,0,0,0,27.1702127659574
36,30.2,31.2,0,2,30.1904269854072,23.4375,1,0,0,0,30.2
36,30.2,31.2,0,3,27.2,29.6875,1,0,0,0,27.1988888888889
36,30.2,31.2,0,4,27.2,48.4375,1,0,0,0,27.1088888888889
36,30.2,31.2,0,5,30.1904269854072,0,1,0,0,0,30.2
36,30.2,31.2,0,6,27.2,24.4791666666667,1,0,0,0,27.1282608695652
36,30.2,31.2,0,7,30.1904269854072,9.89583333333333,1,0,0,0,30.2
36,30.2,31.2,0,8,30.1904269854072,0,1,0,0,0,30.2
36,30.2,31.2,0,9,27.2,41.1458333333333,1,0,0,0,27.1766666666667
36,30.2,31.2,0,10,30.1904269854072,15.1041666666667,1,0,0,0,30.2
36,30.2,32.2,0,1,28.2,56.7708333333333,1,0,0,0,28.1
36,30.2,32.2,0,2,31.6463310220035,0,1,1,0,0,31.6
36,30.2,32.2,0,3,28.2,31.7708333333333,1,0,0,0,28.1152173913044
36,30.2,32.2,0,4,31.6463310220035,18.2291666666667,1,1,0,0,31.6
36,30.2,32.2,0,5,28.2,36.9791666666667,1,0,0,0,28.1152173913043
36,30.2,32.2,0,6,28.2,49.4791666666667,1,1,0,0,28.1
36,30.2,32.2,0,7,31.6463310220035,16.6666666666667,1,1,0,0,31.6
36,30.2,32.2,0,8,31.6463310220035,11.9791666666667,1,1,0,0,31.6
36,30.2,32.2,0,9,31.6463310220035,0,1,0,0,0,31.6
36,30.2,32.2,0,10,28.2,39.0625,1,0,0,0,28.1
36,30.2,28.2,1,1,36.2,5.72916666666667,1,0,0,0,36.1315217391304
36,30.2,28.2,1,2,32.7229661090425,20.8333333333333,1,1,0,0,32.5989361702128
36,30.2,28.2,1,3,32.7229661090425,4.6875,1,0,0,0,32.6127659574468
36,30.2,28.2,1,4,32.7229661090425,15.1041666666667,1,0,0,0,32.6
36,30.2,28.2,1,5,36.2,18.2291666666667,1,0,0,0,36.1347826086957
36,30.2,28.2,1,6,36.2,27.6041666666667,1,1,0,0,36.1
36,30.2,28.2,1,7,32.7229661090425,13.5416666666667,1,1,0,0,32.6255813953488
36,30.2,28.2,1,8,36.2,30.7291666666667,1,0,0,0,36.1
36,30.2,28.2,1,9,32.7229661090425,0,1,1,0,0,32.62
36,30.2,28.2,1,10,36.2,22.3958333333333,1,0,0,0,36.1
36,30.2,29.2,1,1,36.1355139382857,16.1458333333333,1,0,0,0,36.0277777777778
36,30.2,29.2,1,2,36.1355139382857,27.6041666666667,1,1,0,0,35.9933333333333
36,30.2,29.2,1,3,37.2,19.2708333333333,1,0,0,0,37.1466666666667
36,30.2,29.2,1,4,37.2,31.7708333333333,1,1,0,0,37.1
36,30.2,29.2,1,5,36.1355139382857,0,1,1,0,0,36.0393617021277
36,30.2,29.2,1,6,37.2,35.9375,1,1,0,0,37.0989583333333
36,30.2,29.2,1,7,37.2,42.1875,1,1,0,0,37.14
36,30.2,29.2,1,8,36.1355139382857,40.1041666666667,1,1,0,0,36
36,30.2,29.2,1,9,36.1355139382857,17.1875,1,0,0,0,36.0413043478261
36,30.2,29.2,1,10,37.2,41.1458333333333,1,1,0,0,37.1
36,30.2,30.2,1,1,38.2,30.7291666666667,1,0,0,0,38.1315217391304
36,30.2,30.2,1,2,34.7077416266334,14.0625,1,1,0,0,34.5944444444444
36,30.2,30.2,1,3,38.2,34.8958333333333,1,0,0,0,38.1393617021277
36,30.2,30.2,1,4,34.7077416266334,13.0208333333333,1,1,0,0,34.6
36,30.2,30.2,1,5,34.7077416266334,0,1,0,0,0,34.6
36,30.2,30.2,1,6,38.2,32.8125,1,0,0,0,38.0891304347826
36,30.2,30.2,1,7,34.7077416266334,19.2708333333333,1,1,0,0,34.6
36,30.2,30.2,1,8,34.7077416266334,0,1,0,0,0,34.6
36,30.2,30.2,1,9,38.2,29.6875,1,0,0,0,38.1423913043478
36,30.2,30.2,1,10,38.2,34.375,1,1,0,0,38.0933333333333
36,30.2,31.2,1,1,39.2,32.8125,1,0,0,0,39.1238636363636
36,30.2,31.2,1,2,35.3907010276365,18.2291666666667,1,0,0,0,35.2989361702128
36,30.2,31.2,1,3,35.3907010276365,13.0208333333333,1,0,0,0,35.3044444444445
36,30.2,31.2,1,4,39.2,36.9791666666667,1,0,0,0,39.086170212766
36,30.2,31.2,1,5,35.3907010276365,0,1,1,0,0,35.3
36,30.2,31.2,1,6,39.2,32.8125,1,0,0,0,39.0978723404255
36,30.2,31.2,1,7,39.2,38.0208333333333,1,1,0,0,39.1329545454546
36,30.2,31.2,1,8,39.2,35.9375,1,1,0,0,39.0933333333333
36,30.2,31.2,1,9,35.3907010276365,41.1458333333333,1,1,0,0,35.3
36,30.2,31.2,1,10,35.3907010276365,0,1,0,0,0,35.3
36,30.2,32.2,1,1,34.6860303772603,10.9375,1,0,0,0,34.6
36,30.2,32.2,1,2,34.6860303772603,24.4791666666667,1,0,0,0,34.54
36,30.2,32.2,1,3,34.6860303772603,11.9791666666667,1,0,0,0,34.6
36,30.2,32.2,1,4,34.6860303772603,35.9375,1,0,0,0,34.5855555555556
36,30.2,32.2,1,5,40.2,47.3958333333333,1,0,0,0,40.0977272727273
36,30.2,32.2,1,6,40.2,49.4791666666667,1,1,0,0,40.071875
36,30.2,32.2,1,7,34.6860303772603,19.2708333333333,1,1,0,0,34.6
36,30.2,32.2,1,8,40.2,51.5625,1,0,0,0,40.0872340425532
36,30.2,32.2,1,9,40.2,55.2083333333333,1,0,0,0,40.0989361702128
36,30.2,32.2,1,10,40.2,60.9375,1,0,0,0,40.0811111111111
38,30,28,0,1,24,64.5833333333333,1,0,0,0,23.9
38,30,28,0,2,27.7363408239009,2.08333333333333,1,0,0,0,27.7
38,30,28,0,3,24,41.1458333333333,1,0,0,0,23.9
38,30,28,0,4,24,44.7916666666667,1,0,0,0,23.9
38,30,28,0,5,24,33.8541666666667,1,0,0,0,23.9
38,30,28,0,6,27.7363408239009,8.85416666666667,1,0,0,0,27.7
38,30,28,0,7,27.7363408239009,4.16666666666667,1,0,0,0,27.7
38,30,28,0,8,27.7363408239009,0,1,0,0,0,27.7
38,30,28,0,9,27.7363408239009,8.85416666666667,1,0,0,0,27.7
38,30,28,0,10,24,22.3958333333333,1,0,0,0,23.9
38,30,30,0,1,26,52.6041666666667,1,0,0,0,25.9
38,30,30,0,2,26,41.6666666666667,1,0,0,0,25.9
38,30,30,0,3,29.7363408239009,3.125,1,0,0,0,29.7
38,30,30,0,4,29.7363408239009,0,1,0,0,0,29.7
38,30,30,0,5,26,18.2291666666667,1,0,0,0,25.9
38,30,30,0,6,29.7363408239009,4.16666666666667,1,0,0,0,29.7
38,30,30,0,7,29.7363408239009,2.60416666666667,1,0,0,0,29.7
38,30,30,0,8,29.7363408239009,0,1,0,0,0,29.7
38,30,30,0,9,26,16.1458333333333,1,0,0,0,25.9
38,30,30,0,10,26,13.0208333333333,1,0,0,0,25.9
38,30,32,0,1,28,56.7708333333333,1,0,0,0,27.9
38,30,32,0,2,31.735517222624,11.9791666666667,1,0,0,0,31.7
38,30,32,0,3,28,28.6458333333333,1,0,0,0,27.9
38,30,32,0,4,28,40.625,1,0,0,0,27.9
38,30,32,0,5,31.735517222624,0,1,0,0,0,31.7
38,30,32,0,6,31.735517222624,5.72916666666667,1,0,0,0,31.7
38,30,32,0,7,28,23.9583333333333,1,0,0,0,27.9
38,30,32,0,8,31.735517222624,0,1,0,0,0,31.7
38,30,32,0,9,31.735517222624,3.125,1,0,0,0,31.7
38,30,32,0,10,28,12.5,1,0,0,0,27.9
38,30,28,1,1,30.6081639906137,9.89583333333333,1,0,0,0,30.5
38,30,28,1,2,30.6081639906137,8.33333333333333,1,0,0,0,30.5
38,30,28,1,3,36,25.5208333333333,1,0,0,0,35.9
38,30,28,1,4,36,36.9791666666667,1,1,0,0,35.86875
38,30,28,1,5,36,25.5208333333333,1,1,0,0,35.9
38,30,28,1,6,30.6081639906137,0,1,1,0,0,30.5
38,30,28,1,7,30.6081639906137,2.08333333333333,1,0,0,0,30.5
38,30,28,1,8,36,16.1458333333333,1,0,0,0,35.8733333333333
38,30,28,1,9,30.6081639906137,8.85416666666667,1,1,0,0,30.5
38,30,28,1,10,36,22.3958333333333,1,0,0,0,35.8877777777778
38,30,30,1,1,31.8501295070048,1.04166666666667,1,0,0,0,31.8
38,30,30,1,2,31.8501295070048,10.9375,1,0,0,0,31.75
38,30,30,1,3,31.8501295070048,11.4583333333333,1,0,0,0,31.8
38,30,30,1,4,38,26.5625,1,0,0,0,37.8333333333333
38,30,30,1,5,31.8501295070048,6.77083333333333,1,1,0,0,31.8
38,30,30,1,6,38,36.9791666666667,1,0,0,0,37.8510869565217
38,30,30,1,7,38,36.9791666666667,1,1,0,0,37.8911111111111
38,30,30,1,8,38,34.8958333333333,1,1,0,0,37.8489130434783
38,30,30,1,9,38,42.1875,1,1,0,0,37.8977272727273
38,30,30,1,10,31.8501295070048,2.08333333333333,1,1,0,0,31.8
38,30,32,1,1,33.0700663778218,3.125,1,0,0,0,33
38,30,32,1,2,33.0700663778218,17.7083333333333,1,0,0,0,33
38,30,32,1,3,33.0700663778218,10.9375,1,0,0,0,33
38,30,32,1,4,33.0700663778218,18.2291666666667,1,0,0,0,33
38,30,32,1,5,40,71.3541666666667,1,0,0,0,39.8955555555555
38,30,32,1,6,40,80.7291666666667,1,0,0,0,39.8366666666667
38,30,32,1,7,40,70.8333333333333,1,0,0,0,39.8954545454545
38,30,32,1,8,33.0700663778218,0,1,0,0,0,33
38,30,32,1,9,40,15.1041666666667,1,0,0,0,39.9
38,30,32,1,10,40,21.3541666666667,1,0,0,0,39.8372340425532
39,33,32,0,1,28,46.3541666666667,1,0,0,0,27.9
39,33,32,0,2,28,53.125,1,0,0,0,27.9
39,33,32,0,3,28,48.4375,1,0,0,0,27.9
39,33,32,0,4,28,48.4375,1,0,0,0,27.9
39,33,32,0,5,28,43.75,1,0,0,0,27.9
39,33,32,0,6,31.4984107206934,0,1,0,0,0,31.5
39,33,32,0,7,31.4984107206934,0,1,0,0,0,31.5
39,33,32,0,8,31.4984107206934,0,0,0,0,0,31.5
39,33,32,0,9,31.4984107206934,0,1,0,0,0,31.5
39,33,32,0,10,31.4984107206934,0,1,0,0,0,31.5
39,33,34,0,1,30,23.4375,1,0,0,0,29.9
39,33,34,0,2,33.7180364203572,0,1,1,0,0,33.7
39,33,34,0,3,33.7180364203572,0,1,0,0,0,33.7
39,33,34,0,4,33.7180364203572,2.08333333333333,1,0,0,0,33.7
39,33,34,0,5,30,30.7291666666667,1,0,0,0,29.9
39,33,34,0,6,30,44.2708333333333,1,1,0,0,29.9
39,33,34,0,7,33.7180364203572,0,1,1,0,0,33.7
39,33,34,0,8,30,19.2708333333333,1,0,0,0,29.9
39,33,34,0,9,33.7180364203572,0,1,1,0,0,33.7
39,33,34,0,10,30,9.89583333333333,1,1,0,0,29.9
39,33,35,0,1,34.5834420168208,6.77083333333333,1,0,0,0,34.6
39,33,35,0,2,31,24.4791666666667,1,0,0,0,30.9
39,33,35,0,3,34.5834420168208,1.04166666666667,1,1,0,0,34.6
39,33,35,0,4,31,32.8125,1,1,0,0,30.9
39,33,35,0,5,34.5834420168208,4.6875,1,1,0,0,34.6
39,33,35,0,6,34.5834420168208,0,1,1,0,0,34.6
39,33,35,0,7,31,38.0208333333333,1,1,0,0,30.9
39,33,35,0,8,34.5834420168208,0,1,1,0,0,34.6
39,33,35,0,9,31,48.4375,1,0,0,0,30.9
39,33,35,0,10,31,45.3125,1,1,0,0,30.9
39,33,32,1,1,40,41.1458333333333,1,0,0,0,39.8861702127659
39,33,32,1,2,40,47.3958333333333,1,1,0,0,39.870652173913
39,33,32,1,3,33.1646211434043,0,1,1,0,0,33.1
39,33,32,1,4,40,35.4166666666667,1,0,0,0,39.8808510638298
39,33,32,1,5,33.1646211434043,0,1,0,0,0,33.1
39,33,32,1,6,33.1646211434043,2.08333333333333,1,0,0,0,33.1
39,33,32,1,7,40,28.6458333333333,1,0,0,0,39.8925531914894
39,33,32,1,8,33.1646211434043,3.125,1,0,0,0,33.1
39,33,32,1,9,40,10.4166666666667,1,0,0,0,39.895652173913
39,33,32,1,10,33.1646211434043,0,1,1,0,0,33.1
39,33,34,1,1,34.2635577309899,0,1,0,0,0,34.15
39,33,34,1,2,34.2635577309899,0,1,0,0,0,34.15
39,33,34,1,3,42,23.4375,1,0,0,0,41.8851063829787
39,33,34,1,4,42,49.4791666666667,1,0,0,0,41.8391304347826
39,33,34,1,5,34.2635577309899,2.08333333333333,1,0,0,0,34.15
39,33,34,1,6,42,50,1,0,0,0,41.8695652173913
39,33,34,1,7,42,46.3541666666667,1,0,0,0,41.8808510638298
39,33,34,1,8,34.2635577309899,0,1,0,0,0,34.15
39,33,34,1,9,42,25,1,0,0,0,41.8880434782609
39,33,34,1,10,34.2635577309899,0,1,0,0,0,34.15
39,33,35,1,1,43,53.6458333333333,1,0,0,0,42.8855555555555
39,33,35,1,2,35.6240523844085,4.16666666666667,1,0,0,0,35.5
39,33,35,1,3,35.6240523844085,0,1,0,0,0,35.5
39,33,35,1,4,35.6240523844085,8.85416666666667,1,0,0,0,35.5
39,33,35,1,5,43,33.8541666666667,1,0,0,0,42.8829787234042
39,33,35,1,6,43,54.6875,1,1,0,0,42.8347826086956
39,33,35,1,7,43,30.7291666666667,1,0,0,0,42.89
39,33,35,1,8,43,42.1875,1,1,0,0,42.8655555555555
39,33,35,1,9,35.6240523844085,0,1,0,0,0,35.5
39,33,35,1,10,35.6240523844085,0,1,0,0,0,35.5
40,31.3,29.3,0,1,25.3,49.4791666666667,1,0,0,0,25.2
40,31.3,29.3,0,2,28.9055672550654,0,1,0,0,0,28.9
40,31.3,29.3,0,3,25.3,11.9791666666667,1,0,0,0,25.2
40,31.3,29.3,0,4,25.3,4.6875,1,0,0,0,25.2
40,31.3,29.3,0,5,25.3,5.72916666666667,1,0,0,0,25.2
40,31.3,29.3,0,6,28.9055672550654,0,1,0,0,0,28.9
40,31.3,29.3,0,7,28.9055672550654,0,1,0,0,0,28.9
40,31.3,29.3,0,8,28.9055672550654,0,1,0,0,0,28.9
40,31.3,29.3,0,9,28.9055672550654,0,1,0,0,0,28.9
40,31.3,29.3,0,10,25.3,11.9791666666667,1,0,0,0,25.2
40,31.3,30.3,0,1,29.830141910681,9.89583333333333,1,0,0,0,29.8
40,31.3,30.3,0,2,29.830141910681,4.6875,1,0,0,0,29.8
40,31.3,30.3,0,3,26.3,44.2708333333333,1,0,0,0,26.2
40,31.3,30.3,0,4,26.3,41.1458333333333,1,0,0,0,26.2
40,31.3,30.3,0,5,26.3,4.6875,1,0,0,0,26.2
40,31.3,30.3,0,6,29.830141910681,0,1,0,0,0,29.8
40,31.3,30.3,0,7,26.3,2.60416666666667,1,0,0,0,26.2
40,31.3,30.3,0,8,29.830141910681,0,1,0,0,0,29.8
40,31.3,30.3,0,9,26.3,4.6875,1,0,0,0,26.2
40,31.3,30.3,0,10,29.830141910681,0,1,0,0,0,29.8
40,31.3,31.3,0,1,27.3,43.2291666666667,1,0,0,0,27.2
40,31.3,31.3,0,2,27.3,39.0625,1,0,0,0,27.2
40,31.3,31.3,0,3,30.8616554314022,0,1,0,0,0,30.9
40,31.3,31.3,0,4,30.8616554314022,0,1,0,0,0,30.9
40,31.3,31.3,0,5,27.3,9.89583333333333,1,0,0,0,27.2
40,31.3,31.3,0,6,30.8616554314022,0,1,0,0,0,30.9
40,31.3,31.3,0,7,30.8616554314022,0,1,0,0,0,30.9
40,31.3,31.3,0,8,30.8616554314022,0,1,0,0,0,30.9
40,31.3,31.3,0,9,27.3,6.77083333333333,1,0,0,0,27.2
40,31.3,31.3,0,10,27.3,14.0625,1,0,0,0,27.2
40,31.3,32.3,0,1,28.3,53.6458333333333,1,0,0,0,28.2
40,31.3,32.3,0,2,28.3,40.1041666666667,1,0,0,0,28.2
40,31.3,32.3,0,3,32.0278569136079,0,1,0,0,0,32
40,31.3,32.3,0,4,32.0278569136079,0,1,0,0,0,32
40,31.3,32.3,0,5,28.3,44.2708333333333,1,0,0,0,28.2
40,31.3,32.3,0,6,32.0278569136079,0,1,0,0,0,32
40,31.3,32.3,0,7,32.0278569136079,0,1,0,0,0,32
40,31.3,32.3,0,8,28.3,47.9166666666667,1,0,0,0,28.2055555555555
40,31.3,32.3,0,9,28.3,26.5625,1,0,0,0,28.2
40,31.3,32.3,0,10,32.0278569136079,0,1,0,0,0,32
40,31.3,33.3,0,1,29.3,59.8958333333333,1,0,0,0,29.2
40,31.3,33.3,0,2,33.0438160989895,0,1,0,0,0,33
40,31.3,33.3,0,3,29.3,45.3125,1,0,0,0,29.2
40,31.3,33.3,0,4,29.3,54.1666666666667,1,0,0,0,29.2144444444444
40,31.3,33.3,0,5,33.0438160989895,0,1,0,0,0,33
40,31.3,33.3,0,6,33.0438160989895,0,1,0,0,0,33
40,31.3,33.3,0,7,29.3,31.7708333333333,1,0,0,0,29.2
40,31.3,33.3,0,8,33.0438160989895,0,1,0,0,0,33
40,31.3,33.3,0,9,33.0438160989895,0,1,0,0,0,33
40,31.3,33.3,0,10,29.3,44.2708333333333,1,0,0,0,29.2147727272727
40,31.3,29.3,1,1,31.9303393863502,0,1,0,0,0,31.8
40,31.3,29.3,1,2,31.9303393863502,6.77083333333333,1,0,0,0,31.7880434782609
40,31.3,29.3,1,3,37.3,8.85416666666667,1,0,0,0,37.19
40,31.3,29.3,1,4,37.3,36.9791666666667,1,1,0,0,37.1366666666667
40,31.3,29.3,1,5,37.3,0,1,1,0,0,37.1913043478261
40,31.3,29.3,1,6,31.9303393863502,1.04166666666667,1,1,0,0,31.7946808510638
40,31.3,29.3,1,7,31.9303393863502,0,1,0,0,0,31.8
40,31.3,29.3,1,8,37.3,41.1458333333333,1,0,0,0,37.1443181818182
40,31.3,29.3,1,9,31.9303393863502,1.04166666666667,1,0,0,0,31.8
40,31.3,29.3,1,10,37.3,42.1875,1,0,0,0,37.1693181818182
40,31.3,30.3,1,1,34.2052872122241,0,1,0,0,0,34.0989361702128
40,31.3,30.3,1,2,34.2052872122241,8.85416666666667,1,0,0,0,34.0931818181818
40,31.3,30.3,1,3,34.2052872122241,1.04166666666667,1,0,0,0,34.1
40,31.3,30.3,1,4,38.3,49.4791666666667,1,0,0,0,38.1369565217391
40,31.3,30.3,1,5,34.2052872122241,0,1,1,0,0,34.1
40,31.3,30.3,1,6,38.3,18.2291666666667,1,0,0,0,38.1542553191489
40,31.3,30.3,1,7,38.3,2.60416666666667,1,1,0,0,38.1818181818182
40,31.3,30.3,1,8,38.3,22.3958333333333,1,0,0,0,38.1576086956522
40,31.3,30.3,1,9,34.2052872122241,0,1,1,0,0,34.1
40,31.3,30.3,1,10,38.3,21.3541666666667,1,0,0,0,38.1766666666667
40,31.3,31.3,1,1,38.7456701989229,0,1,0,0,0,38.5923913043478
40,31.3,31.3,1,2,38.7456701989229,10.9375,1,0,1,0,38.5385416666667
40,31.3,31.3,1,3,38.7456701989229,0,1,1,0,0,38.5988636363636
40,31.3,31.3,1,4,39.3,16.1458333333333,1,1,0,0,39.1617021276596
40,31.3,31.3,1,5,38.7456701989229,9.89583333333333,1,1,0,0,38.5978260869565
40,31.3,31.3,1,6,39.3,26.5625,1,1,0,0,39.1586956521739
40,31.3,31.3,1,7,39.3,5.72916666666667,1,1,0,0,39.1925531914894
40,31.3,31.3,1,8,39.3,8.85416666666667,1,1,0,0,39.1636363636364
40,31.3,31.3,1,9,39.3,0,1,1,0,0,39.2
40,31.3,31.3,1,10,38.7456701989229,14.0625,1,1,0,0,38.5818181818182
40,31.3,32.3,1,1,40.3,15.1041666666667,1,0,0,0,40.186170212766
40,31.3,32.3,1,2,40.3,44.2708333333333,1,1,0,0,40.1375
40,31.3,32.3,1,3,40.3,9.89583333333333,1,1,0,0,40.1946808510638
40,31.3,32.3,1,4,40.3,38.0208333333333,1,1,0,0,40.1588888888889
40,31.3,32.3,1,5,35.6412837311228,0,1,1,0,0,35.5
40,31.3,32.3,1,6,35.6412837311228,6.77083333333333,1,0,0,0,35.4988888888889
40,31.3,32.3,1,7,40.3,7.8125,1,0,0,0,40.1869565217391
40,31.3,32.3,1,8,35.6412837311228,6.77083333333333,1,1,0,0,35.4790697674419
40,31.3,32.3,1,9,35.6412837311228,0,1,0,0,0,35.5
40,31.3,32.3,1,10,35.6412837311228,7.8125,1,0,1,0,35.4409090909091
40,31.3,33.3,1,1,35.982914389485,0,1,0,0,0,35.9
40,31.3,33.3,1,2,35.982914389485,25.5208333333333,1,0,0,0,35.8
40,31.3,33.3,1,3,35.982914389485,7.8125,1,0,0,0,35.8511111111111
40,31.3,33.3,1,4,35.982914389485,21.3541666666667,1,0,0,0,35.85
40,31.3,33.3,1,5,41.3,59.8958333333333,1,0,0,0,41.1864583333333
40,31.3,33.3,1,6,41.3,69.2708333333333,1,0,0,0,41.1326086956522
40,31.3,33.3,1,7,41.3,16.1458333333333,1,0,0,0,41.1897727272727
40,31.3,33.3,1,8,35.982914389485,36.9791666666667,1,1,0,0,35.8966666666667
40,31.3,33.3,1,9,41.3,14.0625,1,0,0,0,41.1944444444444
40,31.3,33.3,1,10,41.3,57.8125,1,1,0,0,41.1422222222222
41,32.9,30.9,0,1,29.3666586809027,36.9791666666667,1,0,0,0,29.4
41,32.9,30.9,0,2,29.3666586809027,32.8125,1,0,0,0,29.4
41,32.9,30.9,0,3,26.9,58.8541666666667,1,0,0,0,26.8
41,32.9,30.9,0,4,29.3666586809027,29.6875,1,0,0,0,29.4
41,32.9,30.9,0,5,26.9,48.4375,1,0,0,0,26.8
41,32.9,30.9,0,6,26.9,64.0625,1,0,0,0,26.8
41,32.9,30.9,0,7,29.3666586809027,5.72916666666667,1,0,0,0,29.4
41,32.9,30.9,0,8,26.9,20.3125,1,0,0,0,26.8
41,32.9,30.9,0,9,26.9,31.7708333333333,1,0,0,0,26.8
41,32.9,30.9,0,10,29.3666586809027,16.1458333333333,1,0,0,0,29.4
41,32.9,30.9,1,1,33.3954600108085,6.77083333333333,1,0,0,0,33.3
41,32.9,30.9,1,2,38.9,48.4375,1,0,1,0,38.725
41,32.9,30.9,1,3,33.3954600108085,0,1,1,0,0,33.3
41,32.9,30.9,1,4,38.9,16.1458333333333,1,0,1,0,38.7315217391304
41,32.9,30.9,1,5,33.3954600108085,9.89583333333333,1,1,0,0,33.3
41,32.9,30.9,1,6,38.9,31.7708333333333,1,0,0,0,38.736170212766
41,32.9,30.9,1,7,38.9,54.6875,1,1,0,0,38.7965909090909
41,32.9,30.9,1,8,33.3954600108085,9.89583333333333,1,1,0,0,33.2936170212766
41,32.9,30.9,1,9,38.9,61.9791666666667,1,0,0,0,38.8
41,32.9,30.9,1,10,33.3954600108085,19.2708333333333,1,1,0,0,33.2761363636364
42,32.8,32.8,0,1,32.2703904371499,13.0208333333333,1,0,0,0,32.3
42,32.8,32.8,0,2,28.8,36.9791666666667,1,0,0,0,28.7
42,32.8,32.8,0,3,32.2703904371499,6.25,1,0,0,0,32.3
42,32.8,32.8,0,4,32.2703904371499,0,1,0,0,0,32.3
42,32.8,32.8,0,5,28.8,25.5208333333333,1,0,0,0,28.7
42,32.8,32.8,0,6,28.8,30.7291666666667,1,0,0,0,28.7
42,32.8,32.8,0,7,28.8,28.125,1,0,0,0,28.7
42,32.8,32.8,0,8,32.2703904371499,1.5625,1,0,0,0,32.3
42,32.8,32.8,0,9,28.8,26.5625,1,0,0,0,28.7
42,32.8,32.8,0,10,32.2703904371499,0,1,0,0,0,32.3
42,32.8,34.8,0,1,30.8,42.1875,1,0,0,0,30.7127659574468
42,32.8,34.8,0,2,34.0151989860775,22.9166666666667,1,0,0,0,34
42,32.8,34.8,0,3,30.8,43.2291666666667,1,0,0,0,30.7141304347826
42,32.8,34.8,0,4,34.0151989860775,13.5416666666667,1,0,0,0,34
42,32.8,34.8,0,5,30.8,36.9791666666667,1,0,0,0,30.7155555555555
42,32.8,34.8,0,6,30.8,42.7083333333333,1,0,0,0,30.7141304347826
42,32.8,34.8,0,7,34.0151989860775,0,1,0,0,0,34
42,32.8,34.8,0,8,34.0151989860775,2.60416666666667,1,0,0,0,34
42,32.8,34.8,0,9,34.0151989860775,11.4583333333333,1,0,0,0,34
42,32.8,34.8,0,10,30.8,31.7708333333333,1,0,0,0,30.7148936170213
42,32.8,32.8,1,1,40.8,27.6041666666667,1,0,0,0,40.6771739130435
42,32.8,32.8,1,2,34.3901795355351,6.25,1,1,0,0,34.2
42,32.8,32.8,1,3,40.8,24.4791666666667,1,0,0,0,40.6888888888889
42,32.8,32.8,1,4,34.3901795355351,0,1,1,0,0,34.2
42,32.8,32.8,1,5,34.3901795355351,2.60416666666667,1,0,0,0,34.3
42,32.8,32.8,1,6,40.8,20.3125,1,0,0,0,40.6347826086956
42,32.8,32.8,1,7,34.3901795355351,0,1,1,0,0,34.2882978723404
42,32.8,32.8,1,8,34.3901795355351,3.64583333333333,1,0,0,0,34.2565217391304
42,32.8,32.8,1,9,40.8,21.3541666666667,1,0,0,0,40.6787234042553
42,32.8,32.8,1,10,40.8,14.0625,1,1,0,0,40.6326086956522
42,32.8,34.8,1,1,36.0469136881699,10.9375,1,0,0,0,35.9
42,32.8,34.8,1,2,36.0469136881699,5.72916666666667,1,0,1,0,35.8727272727273
42,32.8,34.8,1,3,36.0469136881699,23.4375,1,0,0,0,35.9
42,32.8,34.8,1,4,36.0469136881699,2.60416666666667,1,0,0,0,35.9
42,32.8,34.8,1,5,42.8,47.3958333333333,1,0,0,0,42.6811111111111
42,32.8,34.8,1,6,42.8,53.6458333333333,1,0,0,0,42.6287234042553
42,32.8,34.8,1,7,36.0469136881699,1.5625,1,0,0,0,35.9
42,32.8,34.8,1,8,42.8,43.2291666666667,1,0,0,0,42.6760416666667
42,32.8,34.8,1,9,42.8,41.6666666666667,1,1,0,0,42.6788888888889
42,32.8,34.8,1,10,42.8,39.0625,1,0,0,0,42.6711111111111
51,31.5,29.5,0,1,25.5,0,1,0,0,0,25.4
51,31.5,29.5,0,2,25.5,3.125,1,0,0,0,25.4
51,31.5,29.5,0,3,28.5398255750749,0,1,0,0,0,28.5
51,31.5,29.5,0,4,28.5398255750749,0,1,0,0,0,28.5
51,31.5,29.5,0,5,25.5,3.125,1,0,0,0,25.4
51,31.5,29.5,0,6,28.5398255750749,0,1,0,0,0,28.5
51,31.5,29.5,0,7,28.5398255750749,0,1,0,0,0,28.45
51,31.5,29.5,0,8,28.5398255750749,0,1,0,0,0,28.5
51,31.5,29.5,0,9,25.5,5.72916666666667,1,0,0,0,25.4
51,31.5,29.5,0,10,25.5,15.1041666666667,1,0,0,0,25.4
51,31.5,30.5,0,1,29.6122901380555,0,1,0,0,0,29.6
51,31.5,30.5,0,2,29.6122901380555,0,1,0,0,0,29.6
51,31.5,30.5,0,3,29.6122901380555,0,1,0,0,0,29.6
51,31.5,30.5,0,4,26.5,14.0625,1,0,0,0,26.4255319148936
51,31.5,30.5,0,5,29.6122901380555,0,1,0,0,0,29.5945652173913
51,31.5,30.5,0,6,26.5,4.16666666666667,1,0,0,0,26.4427083333333
51,31.5,30.5,0,7,26.5,17.1875,1,0,0,0,26.4
51,31.5,30.5,0,8,26.5,19.2708333333333,1,0,0,0,26.425
51,31.5,30.5,0,9,29.6122901380555,0,1,0,0,0,29.6
51,31.5,30.5,0,10,26.5,4.16666666666667,1,0,0,0,26.4234042553191
51,31.5,31.5,0,1,30.308080580438,0,1,0,0,0,30.3
51,31.5,31.5,0,2,27.5,20.3125,1,0,0,0,27.4106382978723
51,31.5,31.5,0,3,30.308080580438,7.8125,1,0,0,0,30.3
51,31.5,31.5,0,4,27.5,21.3541666666667,1,0,0,0,27.4233333333333
51,31.5,31.5,0,5,27.5,23.4375,1,0,0,0,27.4
51,31.5,31.5,0,6,30.308080580438,3.125,1,0,0,0,30.3
51,31.5,31.5,0,7,27.5,7.8125,1,0,0,0,27.4
51,31.5,31.5,0,8,30.308080580438,2.08333333333333,1,0,0,0,30.3
51,31.5,31.5,0,9,27.5,10.9375,1,0,0,0,27.4
51,31.5,31.5,0,10,30.308080580438,0,1,0,0,0,30.3
51,31.5,32.5,0,1,31.8712434808091,3.125,1,0,0,0,31.9
51,31.5,32.5,0,2,28.5,30.7291666666667,1,0,0,0,28.4511111111111
51,31.5,32.5,0,3,28.5,20.3125,1,1,0,0,28.4
51,31.5,32.5,0,4,28.5,28.6458333333333,1,1,0,0,28.4510869565217
51,31.5,32.5,0,5,28.5,23.4375,1,1,0,0,28.404347826087
51,31.5,32.5,0,6,31.8712434808091,0,1,1,0,0,31.9
51,31.5,32.5,0,7,31.8712434808091,0,1,1,0,0,31.9
51,31.5,32.5,0,8,31.8712434808091,4.16666666666667,1,0,0,0,31.9
51,31.5,32.5,0,9,31.8712434808091,2.08333333333333,1,0,0,0,31.9
51,31.5,32.5,0,10,28.5,16.1458333333333,1,0,0,0,28.4811111111111
51,31.5,33.5,0,1,32.5972652304388,13.0208333333333,1,0,0,0,32.6
51,31.5,33.5,0,2,32.5972652304388,10.9375,1,0,0,0,32.6
51,31.5,33.5,0,3,32.5972652304388,9.89583333333333,1,0,0,0,32.6
51,31.5,33.5,0,4,32.5972652304388,4.16666666666667,1,0,0,0,32.6
51,31.5,33.5,0,5,29.5,19.2708333333333,1,0,0,0,29.4148936170213
51,31.5,33.5,0,6,29.5,23.4375,1,1,0,0,29.486170212766
51,31.5,33.5,0,7,29.5,9.89583333333333,1,1,0,0,29.4391304347826
51,31.5,33.5,0,8,32.5972652304388,2.08333333333333,1,1,0,0,32.6
51,31.5,33.5,0,9,29.5,11.9791666666667,1,0,0,0,29.4152173913043
51,31.5,33.5,0,10,29.5,22.3958333333333,1,1,0,0,29.4840425531915
51,31.5,29.5,1,1,37.5,0,1,0,0,0,37.3977777777778
51,31.5,29.5,1,2,36.426673702832,0,1,1,0,0,36.3
51,31.5,29.5,1,3,36.426673702832,0,1,1,0,0,36.3
51,31.5,29.5,1,4,37.5,11.9791666666667,1,0,0,0,37.4033333333333
51,31.5,29.5,1,5,36.426673702832,2.08333333333333,1,1,0,0,36.3
51,31.5,29.5,1,6,36.426673702832,2.08333333333333,1,0,0,0,36.3
51,31.5,29.5,1,7,36.426673702832,3.125,1,0,0,0,36.3
51,31.5,29.5,1,8,37.5,8.85416666666667,1,0,0,0,37.3955555555555
51,31.5,29.5,1,9,37.5,0,1,1,0,0,37.4
51,31.5,29.5,1,10,37.5,10.9375,1,1,0,0,37.3968085106383
51,31.5,30.5,1,1,38.5,0,1,0,0,0,38.3988888888889
51,31.5,30.5,1,2,32.5569712206608,0,1,1,0,0,32.5
51,31.5,30.5,1,3,38.5,10.9375,1,0,0,0,38.4
51,31.5,30.5,1,4,38.5,20.3125,1,1,0,0,38.3897727272727
51,31.5,30.5,1,5,32.5569712206608,0,1,1,0,0,32.5
51,31.5,30.5,1,6,38.5,3.125,1,0,0,0,38.3923913043478
51,31.5,30.5,1,7,32.5569712206608,0,1,0,0,0,32.5
51,31.5,30.5,1,8,32.5569712206608,0,1,0,0,0,32.5
51,31.5,30.5,1,9,32.5569712206608,0,1,0,0,0,32.5
51,31.5,30.5,1,10,38.5,11.9791666666667,1,0,0,0,38.3914893617021
51,31.5,31.5,1,1,33.2971842227033,0,1,0,0,0,33.2
51,31.5,31.5,1,2,33.2971842227033,8.85416666666667,1,0,0,0,33.2
51,31.5,31.5,1,3,39.5,18.2291666666667,1,0,0,0,39.3977777777778
51,31.5,31.5,1,4,39.5,19.2708333333333,1,1,0,0,39.3891304347826
51,31.5,31.5,1,5,39.5,20.3125,1,1,0,0,39.4
51,31.5,31.5,1,6,33.2971842227033,0,1,1,0,0,33.2
51,31.5,31.5,1,7,39.5,13.0208333333333,1,0,0,0,39.4
51,31.5,31.5,1,8,33.2971842227033,0,1,1,0,0,33.2
51,31.5,31.5,1,9,39.5,14.0625,1,0,0,0,39.4
51,31.5,31.5,1,10,33.2971842227033,0,1,1,0,0,33.1977777777778
51,31.5,32.5,1,1,40.5,22.9166666666667,1,0,0,0,40.3943181818182
51,31.5,32.5,1,2,33.7020735576062,3.125,1,1,0,0,33.6
51,31.5,32.5,1,3,33.7020735576062,0,1,0,0,0,33.6
51,31.5,32.5,1,4,40.5,27.6041666666667,1,0,0,0,40.4066666666667
51,31.5,32.5,1,5,40.5,31.7708333333333,1,0,0,0,40.3943181818182
51,31.5,32.5,1,6,33.7020735576062,0,1,0,0,0,33.6
51,31.5,32.5,1,7,40.5,14.0625,1,0,0,0,40.4
51,31.5,32.5,1,8,40.5,20.3125,1,1,0,0,40.4011111111111
51,31.5,32.5,1,9,33.7020735576062,0,1,1,0,0,33.6
51,31.5,32.5,1,10,33.7020735576062,0,1,0,0,0,33.6
51,31.5,33.5,1,1,41.5,23.4375,1,0,0,0,41.3968085106383
51,31.5,33.5,1,2,34.2112603187,8.85416666666667,1,1,0,0,34.1
51,31.5,33.5,1,3,41.5,18.2291666666667,1,0,0,0,41.4
51,31.5,33.5,1,4,34.2112603187,3.125,1,1,0,0,34.1
51,31.5,33.5,1,5,41.5,18.2291666666667,1,1,0,0,41.4
51,31.5,33.5,1,6,41.5,30.7291666666667,1,1,0,0,41.4063829787234
51,31.5,33.5,1,7,34.2112603187,0,1,1,0,0,34.1
51,31.5,33.5,1,8,34.2112603187,2.08333333333333,1,0,0,0,34.1
51,31.5,33.5,1,9,34.2112603187,0,1,0,0,0,34.1
51,31.5,33.5,1,10,41.5,17.1875,1,0,0,0,41.4086956521739
56,34.1,32.1,0,1,32.0662835316582,0,1,0,0,0,32.1
56,34.1,32.1,0,2,32.0662835316582,0,1,0,0,0,32.1
56,34.1,32.1,0,3,28.1,48.9583333333333,1,0,0,0,28
56,34.1,32.1,0,4,32.0662835316582,0,1,0,0,0,32.1
56,34.1,32.1,0,5,28.1,40.1041666666667,1,0,0,0,28
56,34.1,32.1,0,6,28.1,51.5625,1,0,0,0,28
56,34.1,32.1,0,7,32.0662835316582,0,1,0,0,0,32.1
56,34.1,32.1,0,8,28.1,40.1041666666667,1,0,0,0,28
56,34.1,32.1,0,9,28.1,41.1458333333333,1,0,0,0,28
56,34.1,32.1,0,10,32.0662835316582,0,1,0,0,0,32.1
56,34.1,33.1,0,1,33.0702522856723,0,1,0,0,0,33.1
56,34.1,33.1,0,2,29.1,51.5625,1,0,0,0,29
56,34.1,33.1,0,3,33.0702522856723,0,1,0,0,0,33.1
56,34.1,33.1,0,4,29.1,34.375,1,0,0,0,29
56,34.1,33.1,0,5,33.0702522856723,0,1,0,0,0,33.1
56,34.1,33.1,0,6,29.1,31.7708333333333,1,0,0,0,29
56,34.1,33.1,0,7,33.0702522856723,0,1,1,0,0,33.1
56,34.1,33.1,0,8,29.1,40.625,1,0,0,0,29
56,34.1,33.1,0,9,29.1,55.7291666666667,1,1,0,0,29
56,34.1,33.1,0,10,33.0702522856723,0,1,0,0,0,33.1
56,34.1,34.1,0,1,30.1,68.2291666666667,1,0,0,0,30
56,34.1,34.1,0,2,33.8420247615629,0,1,1,0,0,33.8
56,34.1,34.1,0,3,30.1,59.8958333333333,1,0,0,0,30.0260869565217
56,34.1,34.1,0,4,30.1,68.2291666666667,1,1,0,0,30.0111111111111
56,34.1,34.1,0,5,33.8420247615629,0,1,1,0,0,33.8
56,34.1,34.1,0,6,33.8420247615629,0,1,1,0,0,33.8
56,34.1,34.1,0,7,30.1,59.8958333333333,1,1,0,0,30.0130434782609
56,34.1,34.1,0,8,33.8420247615629,0,1,1,0,0,33.8
56,34.1,34.1,0,9,30.1,47.3958333333333,1,0,0,0,30.0152173913043
56,34.1,34.1,0,10,33.8420247615629,0,1,1,0,0,33.8
56,34.1,36.1,0,1,32.1,42.7083333333333,0,1,0,0,32.0466666666667
56,34.1,36.1,0,2,35.5999701284604,3.64583333333333,1,1,0,0,35.6
56,34.1,36.1,0,3,35.5999701284604,0,1,1,0,0,35.6
56,34.1,36.1,0,4,35.5999701284604,4.16666666666667,1,1,0,0,35.6
56,34.1,36.1,0,5,32.1,42.1875,1,1,0,0,32.045652173913
56,34.1,36.1,0,6,35.5999701284604,0,1,1,0,0,35.6
56,34.1,36.1,0,7,32.1,36.9791666666667,1,1,0,0,32.0355555555556
56,34.1,36.1,0,8,32.1,47.3958333333333,1,1,0,0,32.0329545454545
56,34.1,36.1,0,9,35.5999701284604,0,1,1,0,0,35.6
56,34.1,36.1,0,10,32.1,47.3958333333333,1,1,0,0,32.0380434782609
56,34.1,32.1,1,1,33.5718314620039,4.6875,1,0,0,0,33.5
56,34.1,32.1,1,2,40.1,51.5625,1,0,0,0,39.99
56,34.1,32.1,1,3,33.5718314620039,0,1,0,0,0,33.5
56,34.1,32.1,1,4,40.1,44.7916666666667,1,0,0,0,39.9955555555556
56,34.1,32.1,1,5,33.5718314620039,0,1,0,0,0,33.5
56,34.1,32.1,1,6,40.1,36.9791666666667,1,0,0,0,39.9944444444444
56,34.1,32.1,1,7,40.1,47.9166666666667,1,0,0,0,39.9957446808511
56,34.1,32.1,1,8,33.5718314620039,0,1,0,0,0,33.5
56,34.1,32.1,1,9,40.1,46.3541666666667,1,0,0,0,40
56,34.1,32.1,1,10,33.5718314620039,0,1,0,0,0,33.5
56,34.1,33.1,1,1,41.1,52.0833333333333,1,0,0,0,40.9966666666667
56,34.1,33.1,1,2,34.0813090303218,0,1,0,0,0,34
56,34.1,33.1,1,3,41.1,44.2708333333333,1,0,0,0,40.9988636363636
56,34.1,33.1,1,4,34.0813090303218,0,1,0,0,0,34
56,34.1,33.1,1,5,41.1,31.7708333333333,1,0,0,0,41
56,34.1,33.1,1,6,41.1,61.9791666666667,1,0,0,0,40.9858695652174
56,34.1,33.1,1,7,41.1,49.4791666666667,1,0,0,0,40.9967391304348
56,34.1,33.1,1,8,34.0813090303218,0,1,0,0,0,34
56,34.1,33.1,1,9,34.0813090303218,0,1,0,0,0,34
56,34.1,33.1,1,10,34.0813090303218,0,1,0,0,0,34
56,34.1,34.1,1,1,34.8167498629859,5.72916666666667,1,0,0,0,34.7
56,34.1,34.1,1,2,42.1,52.0833333333333,1,0,0,0,41.9855555555556
56,34.1,34.1,1,3,34.8167498629859,0,1,0,0,0,34.7
56,34.1,34.1,1,4,34.8167498629859,0,1,0,0,0,34.7
56,34.1,34.1,1,5,34.8167498629859,5.72916666666667,1,0,0,0,34.7
56,34.1,34.1,1,6,42.1,33.8541666666667,1,0,0,0,41.9818181818182
56,34.1,34.1,1,7,42.1,52.6041666666667,1,0,0,0,41.9923913043478
56,34.1,34.1,1,8,42.1,33.8541666666667,1,0,0,0,41.9844444444444
56,34.1,34.1,1,9,34.8167498629859,0,1,0,0,0,34.7
56,34.1,34.1,1,10,42.1,42.1875,1,0,0,0,41.9902173913043
56,34.1,36.1,1,1,44.1,68.2291666666667,1,1,0,0,43.9955555555556
56,34.1,36.1,1,2,36.3683804409501,5.72916666666667,1,1,0,0,36.2
56,34.1,36.1,1,3,44.1,41.1458333333333,1,1,0,0,43.9988636363636
56,34.1,36.1,1,4,44.1,75,1,1,1,0,43.9413043478261
56,34.1,36.1,1,5,44.1,36.9791666666667,1,0,0,0,43.9978723404255
56,34.1,36.1,1,6,44.1,50.5208333333333,1,0,0,0,43.9811111111111
56,34.1,36.1,1,7,36.3683804409501,0,1,0,0,0,36.2159574468085
56,34.1,36.1,1,8,36.3683804409501,0,1,1,0,0,36.2911111111111
56,34.1,36.1,1,9,36.3683804409501,0,1,1,0,0,36.2855555555556
56,34.1,36.1,1,10,36.3683804409501,0,1,1,0,0,36.25
57,32.5,31.5,0,1,31.0982635114701,3.125,1,0,0,0,31.1
57,32.5,31.5,0,2,31.0982635114701,1.04166666666667,1,0,0,0,31.1
57,32.5,31.5,0,3,27.5,44.2708333333333,1,0,0,0,27.4086956521739
57,32.5,31.5,0,4,31.0982635114701,0,1,0,0,0,31.1
57,32.5,31.5,0,5,27.5,30.7291666666667,1,0,0,0,27.4388888888889
57,32.5,31.5,0,6,27.5,42.1875,1,0,0,0,27.4136363636364
57,32.5,31.5,0,7,27.5,41.6666666666667,1,0,0,0,27.443023255814
57,32.5,31.5,0,8,27.5,27.0833333333333,1,0,0,0,27.4287234042553
57,32.5,31.5,0,9,31.0982635114701,0,1,0,0,0,31.1
57,32.5,31.5,0,10,31.0982635114701,0,1,0,0,0,31.1
57,32.5,32.5,0,1,28.5,44.2708333333333,1,0,0,0,28.4
57,32.5,32.5,0,2,28.5,38.0208333333333,1,1,0,0,28.4
57,32.5,32.5,0,3,32.2370288075689,0,1,1,0,0,32.2
57,32.5,32.5,0,4,32.2370288075689,0,1,0,0,0,32.2
57,32.5,32.5,0,5,28.5,28.125,1,0,0,0,28.4
57,32.5,32.5,0,6,28.5,20.8333333333333,1,1,0,0,28.4
57,32.5,32.5,0,7,28.5,39.0625,1,1,0,0,28.4
57,32.5,32.5,0,8,32.2370288075689,0,1,1,0,0,32.2
57,32.5,32.5,0,9,32.2370288075689,0,1,0,0,0,32.2
57,32.5,32.5,0,10,32.2370288075689,0,1,0,0,0,32.2
57,32.5,33.5,0,1,29.5,41.1458333333333,1,0,0,0,29.4
57,32.5,33.5,0,2,33.2278569136079,0,1,1,0,0,33.2
57,32.5,33.5,0,3,33.2278569136079,0,1,0,0,0,33.2
57,32.5,33.5,0,4,33.2278569136079,0,1,0,0,0,33.2
57,32.5,33.5,0,5,33.2278569136079,0,1,0,0,0,33.2
57,32.5,33.5,0,6,29.5,33.8541666666667,1,0,0,0,29.4
57,32.5,33.5,0,7,33.2278569136079,0,1,1,0,0,33.2
57,32.5,33.5,0,8,29.5,0,1,0,0,0,29.4
57,32.5,33.5,0,9,29.5,26.5625,1,1,0,0,29.4
57,32.5,33.5,0,10,29.5,13.0208333333333,1,1,0,0,29.4
57,32.5,31.5,1,1,39.5,32.8125,1,0,0,0,39.3804347826087
57,32.5,31.5,1,2,39.5,42.1875,1,0,0,0,39.3797872340425
57,32.5,31.5,1,3,32.5948111468235,0,1,0,0,0,32.5
57,32.5,31.5,1,4,39.5,27.6041666666667,1,0,0,0,39.3836956521739
57,32.5,31.5,1,5,32.5948111468235,3.125,1,0,0,0,32.5
57,32.5,31.5,1,6,32.5948111468235,3.125,1,0,0,0,32.5
57,32.5,31.5,1,7,32.5948111468235,0,1,0,0,0,32.5
57,32.5,31.5,1,8,39.5,13.0208333333333,1,0,0,0,39.3847826086956
57,32.5,31.5,1,9,32.5948111468235,0,1,1,0,0,32.5
57,32.5,31.5,1,10,39.5,27.6041666666667,1,0,0,0,39.3955555555555
57,32.5,32.5,1,1,40.5,38.0208333333333,1,0,0,0,40.3840425531915
57,32.5,32.5,1,2,34.5212293987335,29.6875,1,0,1,0,34.3423913043478
57,32.5,32.5,1,3,40.5,13.0208333333333,1,0,0,0,40.3925531914894
57,32.5,32.5,1,4,34.5212293987335,7.8125,1,0,0,0,34.3510869565217
57,32.5,32.5,1,5,34.5212293987335,0,1,0,0,0,34.4
57,32.5,32.5,1,6,40.5,42.1875,1,0,0,0,40.3712765957447
57,32.5,32.5,1,7,34.5212293987335,2.08333333333333,1,0,0,0,34.4
57,32.5,32.5,1,8,40.5,36.9791666666667,1,0,0,0,40.3815217391304
57,32.5,32.5,1,9,34.5212293987335,2.08333333333333,1,1,0,0,34.4
57,32.5,32.5,1,10,40.5,28.6458333333333,1,0,0,0,40.3855555555555
57,32.5,33.5,1,1,41.5,47.3958333333333,1,0,0,0,41.3886363636364
57,32.5,33.5,1,2,41.5,54.6875,1,0,0,0,41.3636363636364
57,32.5,33.5,1,3,41.5,22.9166666666667,1,0,0,0,41.3944444444444
57,32.5,33.5,1,4,41.5,12.5,1,0,0,0,41.3760869565217
57,32.5,33.5,1,5,34.3496362850567,4.16666666666667,1,0,0,0,34.2
57,32.5,33.5,1,6,34.3496362850567,0,1,0,0,0,34.2
57,32.5,33.5,1,7,34.3496362850567,0,1,0,0,0,34.2
57,32.5,33.5,1,8,34.3496362850567,0,1,0,0,0,34.2
57,32.5,33.5,1,9,34.3496362850567,0,1,0,0,0,34.2
57,32.5,33.5,1,10,41.5,33.8541666666667,1,0,0,0,41.3771739130435
61,29.9,27.9,0,1,27.3668151052141,0,1,0,0,0,27.4
61,29.9,27.9,0,2,23.9,2.08333333333333,1,0,0,0,23.8
61,29.9,27.9,0,3,27.3668151052141,2.08333333333333,1,0,0,0,27.4
61,29.9,27.9,0,4,23.9,2.08333333333333,1,0,0,0,23.8
61,29.9,27.9,0,5,27.3668151052141,0,1,0,0,0,27.4
61,29.9,27.9,0,6,27.3668151052141,0,1,0,0,0,27.4
61,29.9,27.9,0,7,23.9,2.08333333333333,1,0,0,0,23.8
61,29.9,27.9,0,8,23.9,3.125,1,0,0,0,23.8
61,29.9,27.9,0,9,23.9,2.08333333333333,1,0,0,0,23.8
61,29.9,27.9,0,10,27.3668151052141,0,1,0,0,0,27.4
61,29.9,28.9,0,1,24.9,3.125,1,0,0,0,24.8
61,29.9,28.9,0,2,24.9,4.16666666666667,1,0,0,0,24.8
61,29.9,28.9,0,3,27.5145580327681,1.04166666666667,1,0,0,0,27.5
61,29.9,28.9,0,4,27.5145580327681,0,1,0,0,0,27.5
61,29.9,28.9,0,5,24.9,3.125,1,0,0,0,24.8
61,29.9,28.9,0,6,27.5145580327681,4.16666666666667,1,0,0,0,27.5
61,29.9,28.9,0,7,24.9,3.125,1,0,0,0,24.8
61,29.9,28.9,0,8,24.9,3.125,1,0,0,0,24.8
61,29.9,28.9,0,9,27.5145580327681,1.04166666666667,1,0,0,0,27.5
61,29.9,28.9,0,10,27.5145580327681,0,1,0,0,0,27.5
61,29.9,29.9,0,1,25.9,5.20833333333333,1,0,0,0,25.8
61,29.9,29.9,0,2,25.9,3.125,1,0,0,0,25.8
61,29.9,29.9,0,3,25.9,2.08333333333333,1,0,0,0,25.8
61,29.9,29.9,0,4,29.0151871713439,1.04166666666667,1,0,0,0,28.9904255319149
61,29.9,29.9,0,5,25.9,1.04166666666667,1,0,0,0,25.8
61,29.9,29.9,0,6,29.0151871713439,3.125,1,0,0,0,29
61,29.9,29.9,0,7,25.9,2.08333333333333,1,0,0,0,25.8
61,29.9,29.9,0,8,29.0151871713439,3.125,1,0,0,0,29
61,29.9,29.9,0,9,29.0151871713439,0,1,0,0,0,28.9787234042553
61,29.9,29.9,0,10,29.0151871713439,0,1,0,0,0,29
61,29.9,30.9,0,1,30.6358341160353,2.08333333333333,1,0,0,0,30.6
61,29.9,30.9,0,2,26.9,5.20833333333333,1,0,0,0,26.8
61,29.9,30.9,0,3,26.9,3.125,1,0,0,0,26.8
61,29.9,30.9,0,4,30.6358341160353,1.04166666666667,1,0,0,0,30.6
61,29.9,30.9,0,5,30.6358341160353,2.08333333333333,1,0,0,0,30.6
61,29.9,30.9,0,6,26.9,1.04166666666667,1,0,0,0,26.8
61,29.9,30.9,0,7,30.6358341160353,2.08333333333333,1,0,0,0,30.6
61,29.9,30.9,0,8,26.9,3.125,1,0,0,0,26.8
61,29.9,30.9,0,9,30.6358341160353,0,1,0,0,0,30.6
61,29.9,30.9,0,10,26.9,2.08333333333333,1,0,0,0,26.8
61,29.9,31.9,0,1,27.9,3.125,1,0,0,0,27.8
61,29.9,31.9,0,2,31.0151871713439,1.04166666666667,1,0,0,0,31
61,29.9,31.9,0,3,27.9,2.08333333333333,1,0,0,0,27.8
61,29.9,31.9,0,4,27.9,4.6875,1,0,0,0,27.8
61,29.9,31.9,0,5,31.0151871713439,0,1,0,0,0,31
61,29.9,31.9,0,6,31.0151871713439,0,1,0,0,0,31
61,29.9,31.9,0,7,31.0151871713439,2.08333333333333,0,0,0,0,31
61,29.9,31.9,0,8,31.0151871713439,0,1,0,0,0,31
61,29.9,31.9,0,9,27.9,4.16666666666667,1,0,0,0,27.8
61,29.9,31.9,0,10,27.9,2.08333333333333,1,0,0,0,27.8
61,29.9,27.9,1,1,35.9,2.08333333333333,1,0,0,0,35.7891304347826
61,29.9,27.9,1,2,35.9,5.20833333333333,1,0,0,0,35.7782608695652
61,29.9,27.9,1,3,35.9,4.16666666666667,1,1,0,0,35.7920454545455
61,29.9,27.9,1,4,37.1507858760685,4.16666666666667,1,1,0,0,37.0847826086957
61,29.9,27.9,1,5,35.9,3.125,1,1,0,0,35.7925531914894
61,29.9,27.9,1,6,37.1507858760685,2.08333333333333,1,0,0,0,37.0858695652174
61,29.9,27.9,1,7,35.9,3.125,1,0,0,0,35.7922222222222
61,29.9,27.9,1,8,37.1507858760685,3.125,1,1,0,0,37.0864583333333
61,29.9,27.9,1,9,37.1507858760685,2.08333333333333,1,1,0,0,37.0893617021277
61,29.9,27.9,1,10,37.1507858760685,3.125,1,1,0,0,37.0875
61,29.9,28.9,1,1,32.3556735541883,2.08333333333333,1,0,0,0,32.3
61,29.9,28.9,1,2,32.3556735541883,2.08333333333333,1,0,0,0,32.2565217391304
61,29.9,28.9,1,3,36.9,4.16666666666667,1,0,0,0,36.7864583333333
61,29.9,28.9,1,4,36.9,6.77083333333333,1,1,0,0,36.7688888888889
61,29.9,28.9,1,5,36.9,5.20833333333333,1,1,0,0,36.7902173913044
61,29.9,28.9,1,6,32.3556735541883,3.125,1,0,0,0,32.2977777777778
61,29.9,28.9,1,7,36.9,3.125,1,0,0,0,36.7872340425532
61,29.9,28.9,1,8,32.3556735541883,0,1,1,0,0,32.2893617021277
61,29.9,28.9,1,9,36.9,4.16666666666667,1,0,0,0,36.7945652173913
61,29.9,28.9,1,10,32.3556735541883,3.125,1,0,0,0,32.2869565217391
61,29.9,29.9,1,1,37.9,2.08333333333333,1,0,0,0,37.7869565217391
61,29.9,29.9,1,2,32.2813448628932,2.08333333333333,1,0,0,0,32.15
61,29.9,29.9,1,3,37.9,3.125,1,0,0,0,37.7944444444445
61,29.9,29.9,1,4,37.9,2.08333333333333,1,0,0,0,37.7477777777778
61,29.9,29.9,1,5,32.2813448628932,0,1,0,0,0,32.2
61,29.9,29.9,1,6,37.9,3.125,1,0,0,0,37.7826086956522
61,29.9,29.9,1,7,32.2813448628932,0,1,0,0,0,32.1443181818182
61,29.9,29.9,1,8,32.2813448628932,1.04166666666667,1,0,0,0,32.2
61,29.9,29.9,1,9,37.9,3.125,1,0,0,0,37.7847826086957
61,29.9,29.9,1,10,32.2813448628932,0,1,0,0,0,32.125
61,29.9,30.9,1,1,32.9238237089622,1.04166666666667,1,0,0,0,32.786170212766
61,29.9,30.9,1,2,38.9,3.125,1,0,0,0,38.75625
61,29.9,30.9,1,3,38.9,3.125,1,0,0,0,38.7826086956522
61,29.9,30.9,1,4,38.9,3.125,1,0,0,0,38.7636363636364
61,29.9,30.9,1,5,32.9238237089622,2.08333333333333,1,0,0,0,32.8
61,29.9,30.9,1,6,38.9,2.08333333333333,1,0,0,0,38.7712765957447
61,29.9,30.9,1,7,32.9238237089622,0,1,1,0,0,32.8
61,29.9,30.9,1,8,32.9238237089622,0,1,0,0,0,32.8
61,29.9,30.9,1,9,38.9,2.08333333333333,1,0,0,0,38.7808510638298
61,29.9,30.9,1,10,32.9238237089622,0,1,1,1,0,32.75
61,29.9,31.9,1,1,33.695679626823,4.16666666666667,1,0,0,0,33.6
61,29.9,31.9,1,2,33.695679626823,5.20833333333333,1,0,0,0,33.55
61,29.9,31.9,1,3,39.9,6.25,1,0,0,0,39.7923913043478
61,29.9,31.9,1,4,39.9,5.72916666666667,1,0,0,0,39.7388888888889
61,29.9,31.9,1,5,33.695679626823,0,1,0,0,0,33.6
61,29.9,31.9,1,6,39.9,4.16666666666667,1,0,0,0,39.7739130434783
61,29.9,31.9,1,7,39.9,5.20833333333333,1,0,0,0,39.7882978723404
61,29.9,31.9,1,8,33.695679626823,3.125,1,0,0,0,33.563829787234
61,29.9,31.9,1,9,33.695679626823,0,1,0,0,0,33.6
61,29.9,31.9,1,10,39.9,2.08333333333333,1,0,0,0,39.7572916666667
